screen_time,app_sessions,night_usage,call_count,sms_count,sleep_hours,app_entropy,stress_label
329.80284918067395,161.98066309758008,43.12054312564047,6,16,8.744401808888743,1.5765054926895312,0
291.7041419297289,147.73901048738307,56.38703323211205,3,14,6.208605150018859,2.12257770789208,0
338.86131228604154,121.78891109760522,40.189501975000965,7,23,8.98089801316626,0.932886166823343,0
391.3817913844815,100.59189666883279,52.30096175902399,4,24,8.171058499969302,2.1058596827485525,1
285.95079751659983,140.9466994084077,12.659633326155358,7,21,6.678686636745289,1.2992769649878715,0
285.9517825830492,131.80456156265248,65.33234268432346,6,22,4.077681313610482,0.8778277128673908,0
394.7527689304435,146.85579660083198,60.03013688405561,2,22,4.998381827598752,2.0179728808869655,1
346.0460837491745,139.0551540504591,39.57278422329523,5,17,6.210187974868428,0.6817978029490956,0
271.8315368439029,151.48658145958007,76.48114171081014,5,28,7.911924378351793,1.5295347481508859,0
332.5536026151579,103.94294365318297,83.43925344066396,7,13,7.915720029457497,0.6277515677237768,0
272.19493843125224,159.52182196902976,19.811003390775646,5,24,6.4402609697117565,1.2128357103155751,0
272.05621478578456,125.92798814077199,40.93188053584464,4,17,6.722470881564909,1.7021535980127853,1
314.51773629396206,182.25782617875797,40.77144125531754,5,16,6.961022380069738,1.6122310829744262,0
185.20318532053213,99.32436545731296,36.50242247227838,11,15,6.737514384459017,1.309310835809333,0
196.50493004921805,172.0789140949575,80.73687104829371,7,18,7.196360516402552,1.3580959879442314,0
266.2627482455416,125.93732350387944,55.15434653067991,6,19,6.963950611902206,0.9535391067015331,0
239.23013277993456,100.45745989156654,53.38712896723473,3,19,4.990927421089637,1.4117651768482058,1
318.85483995571644,105.48342497837035,9.90344088983116,0,21,6.750926120536876,2.4065097114416685,0
245.51855546872736,110.3895807541704,75.88545075523066,10,18,6.972882600346117,2.200905835567581,0
215.2617779198825,132.7249783920575,29.018540128663187,5,29,8.187759215113013,0.7904657381526876,0
387.93892613529323,135.685064641065,61.49831575665821,5,24,6.002432642031659,0.5595615746418419,0
286.4534219708079,102.78899988184263,66.93442344895479,3,16,7.244686421613885,2.367048625433261,1
304.05169228127545,119.26936223217051,94.01646489596627,4,20,7.675407995585925,1.5534994997614953,1
214.5151088271926,184.2681107583559,27.279490022022195,2,17,6.821983385430615,1.5756756462986155,0
267.337036528489,171.82629510302132,0.0,2,22,4.894242537554506,2.0614359914130445,0
306.65535538259195,133.08971009022096,64.59623861884238,7,28,8.212082824712335,1.129377947742653,0
230.94038535466183,121.14010434504601,105.01277953777134,3,16,7.896569478431924,1.4638151376720043,1
322.54188110074034,123.60093980154784,90.97365882348593,1,22,7.274528056029618,2.437325826293475,1
263.9616786048717,138.4055391819125,65.24148538186564,3,24,7.048396481066972,1.8442973738648143,1
282.4983750124034,89.31622304404783,47.70909535919881,7,20,4.862290120538043,0.8074900639915719,0
263.89760326623616,112.27870387729965,80.17806491593277,5,25,7.92958796306809,0.7664534959687066,0
411.13669107053624,69.94247778367232,35.661345007388285,5,23,8.783675251994051,0.9085295166660108,0
299.19016651572394,131.97669367815837,71.90894423390549,4,19,5.6635053754937505,2.033423348841435,1
236.53734426264597,139.41587819108224,72.63675397916568,5,18,8.614022387525896,1.090754007681232,1
349.3526947261913,105.50440613101878,86.50524768747199,5,24,8.357749355614427,0.5427776933501596,0
226.74938100173867,167.219602898701,128.99150097277695,3,15,5.628165611979953,2.3883487270113237,1
312.53181570028534,83.22703010992976,69.81039917946917,3,24,6.527027680776525,0.8394268327898213,1
182.41979256721345,76.0687535937054,47.27590935731253,6,20,5.325474828268396,0.5191163722961372,0
220.30883706609416,126.73355455679916,59.36064219520014,6,22,6.921833997125335,0.974263204766646,0
311.8116741521474,151.41294907836465,15.773102377772041,4,27,7.537981074916188,0.9700575742362674,0
344.3079947997246,170.51783074373606,42.63217172277355,9,16,5.415438242775674,1.344010501691446,1
310.2820968713982,106.2334721139318,49.7679390471724,6,23,7.4629633301496385,2.340779663000074,1
293.0611030567056,152.36042500293888,46.897790051635184,5,19,7.766950916174193,2.258369835558196,0
281.9337782646427,118.84474591497879,63.80887180084305,5,18,7.78417438746248,1.4137891099648559,1
211.28868057795435,114.82118100177541,39.439501690444985,4,20,7.545403086502754,1.321799809983613,0
256.80934749631746,146.50979812460017,88.02576668311178,10,34,5.525811188342911,1.6100181729497025,1
272.36167374241273,139.56968635240258,60.00517662295493,6,21,6.854231177739946,0.9869080239435315,0
363.42733357313494,72.70823529047252,59.76749197153464,2,20,7.422822532376864,0.6043699839327257,1
320.6170973741077,164.2962104917769,51.80263208717705,4,21,8.753230746806917,2.378448272342413,0
194.21759067823598,161.40274062442353,63.87976709647448,3,15,7.002958995385024,0.8733979697543455,0
319.4450381636877,101.23311895471412,80.62745661669086,2,20,7.510649553130937,0.8968014584914328,1
276.895063175021,131.87410600312228,38.32174460722749,5,24,5.881567823625758,1.4449206577078952,0
259.3846799816425,134.82090558848216,43.547087773118584,6,15,5.614127156600954,1.4832266896806614,1
336.70057733045206,127.82021297471721,52.40684928058339,5,20,5.460313612323534,0.5368684194014839,0
361.8599713497571,103.4908453846374,26.353226913169628,10,16,6.4956780710669735,0.7959094775479414,0
355.87680714697194,99.85129896185845,39.518553506962554,5,13,9.474461383608231,1.2563096371214835,0
249.64694860664167,119.23337787025665,48.09447816138352,5,18,6.5175084886721795,1.8674613870210781,0
281.44725744892713,155.18187057778096,81.85972951781818,4,21,7.437551624730461,0.9568369136638717,1
319.87580588421383,136.30800463783297,66.56403322504812,4,21,7.668517550285195,1.3460288924835253,0
358.53270762734155,108.88157003741682,64.8397477841886,3,29,5.690165069156609,1.6146901294329337,1
271.2495457292826,143.15096131945035,81.27244905419931,6,22,6.477871779265433,2.2771849892465843,1
288.86046140017095,34.54372138109774,56.56570529001508,4,24,7.749298166719029,1.1521410046542466,0
233.61990155963832,154.46297101116312,69.76162124822224,2,17,7.513992897003307,0.767116531726967,0
228.22760255515976,67.80858663665701,57.419456176687596,9,23,4.607206447984911,1.4785444517952164,1
348.7515493436519,109.12677175790603,66.63405873499072,5,13,7.713292424748702,1.9934432033681242,1
381.37440171424936,86.40990316121568,45.43103355971045,9,22,6.338811530987459,0.7197195141054669,1
295.67939270517996,81.15955572837282,0.0,5,9,6.370219364448562,1.3493669833939208,0
360.21197387352146,154.82480362135558,56.6430209453424,5,18,7.485838831556332,0.5355702825249669,0
321.69816150285806,105.96896396064326,95.5687034024985,1,18,8.827523109380552,0.5671183632945023,1
261.2928147236926,130.39511645192147,83.1553850560398,5,27,6.7594784479667664,1.4659067264333312,0
321.6837363305048,118.59238263362448,84.13493711477926,8,21,8.414860258647119,1.0963945963018589,0
392.2821939879582,134.31122481669365,90.90326804515544,6,29,5.270892678541784,2.190214598010824,1
297.85043765340293,122.30465673180765,62.21643977403593,2,16,7.156892015094557,1.7043086122529085,1
393.8786193488404,81.51023327434291,64.93289268513989,5,19,6.350733512886304,1.4078659234859807,1
142.81529375461534,149.88800458341422,44.55870261414125,5,26,7.338408384107273,1.3158707421085927,0
349.3141502625134,105.18730250516063,52.09817859932376,4,21,6.644431116657878,1.4944909603791265,1
305.2228240942903,73.30254304020747,75.39427874427854,6,13,5.390726297243434,0.5808776624253227,1
282.05955897204797,107.15654517102263,90.0971109292204,5,13,5.935108764638629,2.2855867128413196,1
305.5056465921301,165.02279371902932,56.51384310797501,6,13,5.028158704172097,2.4966063114679167,1
180.74586512394643,145.5066522634048,48.74526837871471,5,22,5.431718525261538,0.8629742497173973,0
286.81968672974926,109.54043596776422,60.01319897141493,4,10,7.576389249850057,0.7407659295492395,0
321.42675429070476,109.52226887044714,75.03016872322787,7,22,6.698755444171333,0.7871549268971905,1
388.67364268449097,110.35094846347852,23.903629596661453,5,16,7.277037292153705,1.8220541164687343,0
268.90378690358114,182.30243950682524,2.5954761715690466,7,17,9.178692977914086,1.8228816769015495,0
251.49038382640873,131.4580635669466,46.23657876271041,6,19,6.644833848145287,2.195848324556822,0
269.8945773849278,132.90124941573208,29.482189352146033,4,22,7.761140719818686,2.0036527768525065,0
354.92412706212446,150.90850362095526,47.29649505881723,8,16,7.033762614641506,1.3993793467386795,0
319.72506657958104,127.16367477079541,56.30549202956321,4,18,10.0,1.7257107231306377,0
268.21438777397765,112.2287356253789,48.66878977442467,3,24,3.3788237287031357,1.8765693407360158,1
330.79604598680135,114.10950452745065,96.31168836176863,5,16,6.138805268833455,1.5254729405704504,1
305.8246529608824,117.85196221757808,68.16861911505801,10,21,7.784828769077777,1.4513019689032733,0
358.11869943197337,118.88333290470476,67.51185899027071,6,21,6.096513525486472,1.7901948912853065,1
257.87681436735886,141.8288863091094,75.55517860108505,4,21,7.679285868771977,1.6149490979513075,0
280.3402712041339,121.55837657421898,31.52917205548077,3,14,6.927904968523974,1.7878846106718207,0
276.4735108120706,141.97920231646737,85.97779468550672,3,11,8.037938605613965,1.7257095479267277,0
212.18910311207287,117.57850259674252,58.105892836613506,5,15,5.641452603486809,1.9383931210273093,1
317.76721662387456,122.35905570948272,76.7620154310303,2,22,7.2074107727396255,1.7856070175657521,1
315.66331633079335,60.05397946403677,33.203569173996115,6,21,7.559221876016061,1.5394849728745346,0
300.3068073985477,147.48983024107446,21.156030849598395,2,21,7.158146989853604,1.863593622568773,0
285.9247719974912,130.39465427693978,80.44724145062571,5,17,7.179294981905066,1.398963930370856,0
215.07775547697514,149.94030329578956,69.41023815243791,2,25,8.442917086935472,0.9833424519452021,0
274.76128063407845,33.112338654189315,37.44871114106224,6,18,4.984113104194126,0.5028364402678309,0
279.4371290083938,182.65124114342183,38.25842296813264,3,25,7.149960628950022,1.6199282942916864,0
251.86336384670287,115.81231115534479,88.13586961036924,5,30,5.549022240544865,1.681310453217282,1
290.32285730003946,153.2454845021255,30.264702678316805,2,16,7.909133124311572,2.444097929551429,0
324.2430514088723,88.80282218623407,101.06682383139909,6,18,5.994479701156341,1.222956668188551,1
413.1711540726318,138.3832171518771,37.484481633803284,6,21,4.033065210286782,1.2882664856566235,1
310.47466876991035,88.39753310479031,75.95979814020957,7,26,7.93776089709694,0.9035991626843805,0
315.45302344336585,101.28693117912584,51.784538106275384,6,22,6.677954447249237,0.6410685904746438,0
295.53324505403,177.42094061600358,75.07968577705857,6,18,7.427955539321923,2.045608985723481,0
184.8737270820575,114.2795279770996,46.39714994714519,4,16,8.712410683238874,0.99936212867865,0
298.409167473047,126.52298619539168,55.93017734819264,4,17,7.445681303118683,1.7178097220600759,0
303.61381259646157,146.10203192066263,61.02297938489303,7,15,7.203313700690739,1.875546071090963,1
447.79452674911715,134.87045663917814,34.945313605463184,5,27,6.943275544924683,1.4424733745832954,0
288.45834211313263,124.51256715430729,78.52060863550315,5,22,5.623232219501186,2.2527042260543833,1
318.09284054001677,130.94883007398676,47.16966083821037,8,27,6.74170257028553,1.3875896819594575,0
297.9172938176854,192.10246755714826,54.285002116499534,4,18,9.368678294131099,1.0698172460835302,0
229.87931774282808,118.27143608899244,35.14126563478719,2,17,6.549736923839323,2.2920310459232445,0
368.56936887090126,126.03297140144903,0.0,3,14,6.812783608692094,2.223128568499913,0
345.11598196120644,151.51963188022836,55.224305934995776,4,21,8.508501870526414,0.828079894152826,0
347.4619168225828,153.1657779887395,120.3153855403229,6,22,5.150453606917651,0.5519220367078419,1
245.43675271231567,155.6109091668114,79.6151071974506,9,19,7.744148861148323,0.6799711126992414,0
384.16765865616594,139.16190666087553,59.518490506640134,3,19,5.09334409623394,1.0730947971076341,1
215.88893623246315,85.70985261808549,53.42772926979331,5,20,7.479026460257751,2.444519603483421,0
335.21142562801623,169.00294596903288,60.56164732030116,3,24,6.973108661922158,1.61703230632165,1
431.4273375485987,85.60963820943937,73.67797787938025,2,17,7.7348801929576165,1.2465234640585376,1
240.56782049215872,129.079063957171,30.47967961727888,4,16,5.785030755814731,2.2774321892254927,0
266.0221362238337,97.37172449941926,87.8580423667218,9,22,6.357960298370116,1.4062726629569993,1
305.97908190525845,118.07584960221023,77.88453288603111,4,24,7.796863543966699,1.1304772568020423,0
269.79146075302805,129.8628723091044,77.95464314269836,5,24,6.388200980197839,2.3824390574913146,1
206.96019413603204,129.6407164635082,70.96189347024318,8,17,7.906618312634203,2.199035332385356,0
304.1137784883616,132.65762262705854,60.49041644234975,8,19,7.251003772826502,2.187336750838882,0
236.26177717643372,168.41133807175942,76.8215308991705,5,21,6.465097890483807,1.5245694861004262,1
328.4155458381109,133.6060290454194,74.79535334353446,3,20,6.62157498636319,2.07887679763091,0
244.8345459459718,112.67530094128054,51.1489822264744,9,21,7.004205798002343,0.8587067185291037,0
392.99606430105234,148.92261504865073,45.65995567757748,2,19,6.7357814631503174,1.6464459151124873,0
253.00480245982578,155.6841146677392,62.54640738154967,8,16,7.876299704479539,2.467691845695091,0
280.67630902765944,83.17176554589022,98.7255037873797,7,15,6.554464804571099,1.0819168610359233,1
348.81103304218016,137.92200209549574,29.02232310865248,6,18,6.3123628885453344,2.0887046584953506,0
226.1481410139627,141.03518226932695,23.311868356189002,9,23,8.092302017839433,1.4809568144161345,0
313.64759607624774,111.07309489920024,64.11902103091292,3,18,6.493445003112651,0.5796113664441747,0
378.4285652569457,161.2712043993486,61.272192546400454,6,16,6.351554055681989,2.026038795631335,1
203.55100592632635,115.4983323890242,64.33354160926021,7,20,4.017203438114716,0.8371382887842256,1
311.07803151193826,123.76729360414626,66.0988299477125,7,15,5.752595957675284,1.7629471342655003,1
315.5929676549054,114.80784527148391,54.41994363412987,5,20,5.9936470256041465,0.6713283880939458,0
346.9093723066386,120.46737142744402,97.24658596505205,5,15,6.35184328899043,2.3937347949919294,1
225.7829573473151,87.11174739314394,19.97740053808711,1,21,6.133432940045364,1.0834477743607218,0
220.77260321494342,76.79847352217118,39.28757438049385,7,24,8.179660178414743,0.9529293833547898,0
331.3164939370139,167.83515189674915,57.41863099627381,4,23,6.069822826658701,0.7582728081326686,1
317.81908039399116,94.59115955045016,18.920279721145818,7,25,6.159248355713708,2.392004386678096,0
315.0295710207526,90.25822951631079,55.60363988919822,5,25,7.186785036519678,1.9238074848826103,0
320.7868925698185,55.39829659188855,101.53675414320045,5,16,5.677981744085583,1.9833217774361773,1
259.19851670529056,100.83114756931494,60.52216220739904,3,19,8.876790585816131,1.4988091227604892,0
313.93522182966024,80.30730619777505,65.7675226429671,5,22,7.9625881493953745,1.4494555705409669,0
317.58434839792085,169.26045480409107,28.495880870685493,5,21,5.598295657470582,0.7200424859829533,0
257.1389149184179,150.294512680279,44.590964799013065,4,20,8.216400503040205,1.6196821911679835,0
411.9464706686854,99.35548964466828,50.62009049190158,3,19,8.466049767423945,0.9938329902175809,0
328.42997525470724,187.57307416032927,52.05712258109415,3,20,5.629462315697664,2.4542906656008117,0
228.5217901678411,149.45296460974782,92.04109487509422,5,18,5.601800061089411,2.0931618800302947,0
339.39321651802976,110.25505849474132,73.94227651812811,10,16,6.26750422492224,1.3259841203857752,1
241.5190997863607,45.01782855379281,32.213551076574205,2,19,5.30175385630611,0.8026825173830661,0
347.22507622454714,188.72827717772225,66.16261946080012,5,25,6.063653758692673,2.070663382277568,1
369.51573474044426,78.31282599709212,72.45554371241963,3,22,6.519850498337508,0.744107534162632,1
250.75906089889736,70.63803759129325,88.50372596303166,4,18,7.6049828336517775,0.878667506994141,1
357.8025677546593,150.6771129602892,99.51351716420933,6,14,7.0974706037803,0.9230410354884548,1
324.7668556161899,193.19257219017817,34.62264520430328,3,18,6.8223741921583665,1.6137812765461887,0
349.3236095996694,161.52818455531553,39.72856221974155,4,19,6.420192046090104,2.0741133079807326,1
413.8075789592368,136.9172736015708,28.560553527134594,4,14,5.430453100043948,1.1286297574493844,0
285.27671303982777,137.84263024995857,54.14950352232547,5,16,7.710061272138384,0.6693396285505788,0
254.77583013855062,145.60246676340924,71.65895936115837,8,19,7.6832489881884545,1.4290769270488384,0
246.6291342224686,142.76785769360296,84.68336291472755,5,23,6.259781690809942,1.996220482319871,1
251.0513829020737,128.43574271908128,58.10122440893693,6,20,5.678613830650693,0.9433276861747766,1
295.37389743515376,123.12603311855628,52.0038119186289,3,18,8.8673253250325,0.9398490960787484,0
320.4691184889986,118.12220616301433,63.79394980621851,4,20,7.296076541304318,2.394454054693422,1
316.60144795980113,97.38106233399971,39.121427459249425,5,26,7.476361949590051,2.408307454238356,0
349.6309949421614,111.57974769399678,112.23846804236933,6,14,7.52817743283971,2.480931464123153,1
300.7801135126744,69.21129557413843,19.808474322048532,7,17,5.5570195617024485,2.1153192031495602,0
387.212044629439,117.0498111961575,64.61851447239312,5,26,8.799131900820239,0.8763683383358911,0
284.12059000572265,90.34226678547248,110.59015548074098,2,28,6.515802480466923,0.9239630415985227,0
463.21014999537715,86.89232048352687,60.16999611399994,6,24,7.9864504047147316,1.180450483044784,1
337.5400408659004,125.39682453460435,55.24902412496264,4,16,8.750119244112133,1.1362650626669817,0
248.57054661502303,161.760068590338,51.06386442973932,2,15,7.0976512384218395,2.413055498156018,1
235.74645011633328,147.5494981800694,55.4902079559398,4,17,5.58222590951786,2.078147965763387,0
328.94834491459113,72.88498189130469,94.32121186691325,2,16,4.007835383817117,1.9480175843231078,1
286.59223288044893,90.31115590288988,4.703452216762329,3,15,6.953901028837675,0.8719264481162636,0
342.84002964552553,148.22313563964647,98.33584253240814,4,18,7.300173337279065,2.3190511187246594,1
328.3942574744127,90.52537819385071,24.40107118874637,7,21,6.303069839577257,2.155740759012348,1
295.6302652405876,113.26100550008925,53.333691769139634,5,24,7.162822544148301,0.8272836826558474,0
249.1923769158957,136.50156297073656,49.268889492533454,5,17,7.516413805805269,2.242340663921945,0
209.10916651884813,90.94966635409094,74.71383174426799,7,13,8.192713348953562,1.0444950727409426,0
273.2091028759787,123.16126518437879,20.04689120290631,9,17,6.725721530648549,0.6617394916642121,0
351.38392765940836,79.97923515245387,71.55431665204857,7,21,6.945589991847924,1.81364461302842,1
312.84562464781226,101.9589706814636,110.60774058217132,6,24,6.785679604679735,1.8076093187686613,1
225.25567327728072,129.59345802427612,25.920649885179742,6,17,7.040313559992219,0.6898640191312362,0
310.3908555510709,72.21018799404993,64.74265419025988,9,18,6.384178742891363,1.1377036178731648,0
323.1190427837302,133.21424213881198,43.45044555508477,2,20,6.378441538606619,2.485628924511077,1
246.96855382793203,119.41086603219956,70.64718015482589,3,21,6.453972592873238,1.8568533340174738,1
309.22350635673166,136.57469863251444,60.4786944353938,9,18,7.187519489943396,1.9601503332066583,1
303.49252310676,126.71742402193985,43.96282727389226,3,17,5.983223166578636,0.9258345712086113,0
231.42178213016263,160.92421289921532,72.19680712177686,8,16,6.458807280248308,0.6575641420078286,0
321.46724162089697,123.75673507943722,105.10870274466858,5,17,9.17030796054569,1.0538033794818753,1
333.64707158209404,107.11783376624241,55.22740520681754,4,33,8.075679208605258,0.9977967703863839,0
364.9830745905166,123.66892509096851,77.99394855370454,9,16,5.85150270728006,0.9690882014961062,0
363.2281231220942,136.29894087109165,27.668176053220904,2,19,8.037607516712281,0.8855086437740791,0
217.33983792257453,121.46580210977113,36.08909057954978,5,20,7.752870488900422,1.6495113813108087,0
243.73049760509264,121.21775073611647,71.81015694700943,10,22,6.875296586225393,1.1562069516836435,0
330.9021160325196,98.94024936579734,97.10290071339912,5,29,6.150432463592317,2.140690030095061,1
330.82715705473254,100.11297247347156,68.8903337196415,4,19,6.014183065017715,0.867894835694768,0
330.90286117836285,77.92184184600919,52.17354923692114,7,19,7.268608207339883,1.429254141737089,0
531.1638894392833,172.48730229560817,59.98228513558385,3,13,5.984519605364191,0.52731567285216,0
334.25343064159,82.68410293826145,28.739806650757064,6,20,8.31666559560619,1.463364644910384,0
368.1339384108359,99.21284406612278,75.11288315888417,3,25,8.656967906146011,0.6116764417529488,1
357.24010580959214,98.44778203292408,82.05832655808523,3,19,6.948634602918289,2.455447023745287,1
339.0834750783479,146.84773130833324,48.69774167917299,4,18,8.366536974306555,2.0811842573008255,1
281.08384532157925,111.15150965123917,48.24894630601246,1,25,6.506141262036702,1.4802229532729108,1
345.53815322959605,157.432262180212,66.64695574130121,2,13,6.142777860059057,0.6731747163587005,0
253.6304871277457,99.79528127268395,49.08200659898511,4,13,8.320330216174288,1.6848908815808286,0
285.79088359559944,128.36982486671405,58.34668463435444,5,14,8.895840346726608,2.0175275014037553,0
270.87818713025376,94.93958840220728,112.49304472916288,8,22,9.35578958439066,0.8814345060094906,0
304.91244836317935,184.35447383320167,53.824357481350084,7,18,7.39918608577253,1.6364166815749817,0
438.8795140004105,84.37204742911462,51.04149619946944,7,25,8.03453247422755,2.128421796765736,0
187.96408844449513,129.29462130681082,43.81145485912102,2,20,7.372740674159378,2.0364955552926327,0
341.1756114224708,139.01330642796296,78.60479928749842,6,16,8.684054388038309,2.1059840357343056,0
203.2370477286209,132.41397292354495,55.469395669547424,8,15,7.51994096012711,2.2586468497394394,0
271.68408805263397,114.44137023366875,43.765674041964346,6,16,7.96610054639444,2.3753642043189407,0
365.33703581804195,116.10537900799721,93.0326008068253,4,16,5.637497853756561,1.3110423104070719,1
303.8568011457278,121.31434415937329,95.49007511284093,4,26,6.722604669558793,1.6375382050457545,1
235.33531332424164,115.58993995114534,44.98941085653237,4,21,7.976363378370682,2.0813190520912217,0
257.0817774444019,148.9163735038473,13.336501215984597,1,23,7.868767292883241,1.8942796278915663,0
340.77586493608055,186.31569004774053,85.18784224592305,6,24,8.078683851842932,2.491040456528758,1
256.1780020969718,103.27524644976499,42.8842543559999,8,19,7.144785576629063,0.5273553022092883,0
312.9875153749185,78.90591061262766,79.76563997906922,7,26,6.217573596237664,1.2102664306315813,1
302.7343103942288,117.35153854946236,10.747404557204113,7,21,6.929264159777255,1.062055852540405,0
260.903979143651,197.39128012962954,82.31493345748274,6,19,7.056441236810204,1.0246317003310692,0
428.63664535951955,95.88976296090807,29.72070176798047,6,28,7.290088970239091,0.9450595649977716,0
338.03514133908067,169.17350416332204,78.2691029766631,4,20,5.838561487737896,1.9182476816304581,1
178.49144480054358,170.3310244222932,60.356826695910854,3,23,6.680960097175243,0.6695189465506437,0
311.18725888616564,103.39235274876016,36.151514515083875,6,25,6.893598868607046,1.9832176678866766,0
260.29281211389673,137.06949237555827,49.82409217683049,3,12,4.309334009507165,1.8868516840325469,1
351.1460000877734,168.85189869385613,77.15796142391753,10,18,7.999005737648522,1.0016082650017928,1
252.44875569403797,108.62616777037539,62.64736132788086,5,26,7.196819147968734,1.0056675663303225,0
293.11581351198606,113.89258919692915,74.61032451181211,6,18,7.318382644537863,1.7577211706890044,1
330.2992367388274,102.54957258154069,109.41101461288713,6,18,6.381404426766063,2.0243422109673554,1
351.94531165020726,89.557298079214,20.893959707223715,4,21,7.703500450636303,2.252971226174731,0
227.98221557665343,100.52167364801979,100.4303143742156,6,27,6.001689011279875,2.2042791277089515,1
279.9299258495431,83.2817919971323,62.608898438080324,5,20,6.190222906922636,2.4297659883277065,1
271.50328133034265,121.02250404777678,37.5303987919218,3,20,7.753996054890155,1.6627697906730223,0
260.8002460455773,96.90080306824075,26.742159356525256,2,23,7.42859408337286,2.317311122680719,0
405.9272544168658,127.01357735372243,55.27199023057416,3,15,5.466879681798048,2.1170265465208216,1
324.2989026576573,73.32313061389118,83.04125279811149,2,20,8.892845044105643,2.289335248628027,0
224.3469627398973,129.92640696643372,56.81127199056164,8,21,6.089802815712224,0.5232532025707333,0
355.0717168232866,145.00586884826774,97.77887325618369,7,23,6.840887734454393,2.431805983731622,1
427.329371820758,60.187930722856336,23.720607748711025,4,22,9.096144863922342,1.4470603256929566,0
361.9479156330688,131.22169709542717,59.697776303848634,3,20,4.528262116947893,2.096365979149686,1
208.8378020427592,156.83006977419876,28.690163889672025,3,17,4.952487016036432,0.7544082386755617,0
270.94595562802493,83.71076943926383,69.0907970656242,6,15,7.530320424506221,1.2918821916279482,0
376.01466895119734,170.1771716051311,82.17218475243251,5,21,4.025755940975417,1.0429213260419818,1
257.53983206287313,132.57057028098134,49.48095515797367,1,15,4.547807797017855,1.083317541001874,1
326.6291656887737,98.84964432724773,0.0,8,24,8.410189391552969,0.7465112399017635,0
346.47804320576023,118.32692767026882,64.97370366991237,9,25,6.509351957915092,2.111527665086014,1
244.38417170531503,136.74980737565167,70.91846379333774,4,12,9.635307471156178,0.5184846291621563,0
296.42847863629197,122.28016174237234,70.10736887404244,7,21,5.75827626633572,1.125010913970405,1
105.52395959585564,136.16267977339106,90.89455479555386,3,19,6.617821841355424,0.84882108643283,0
238.5367415199426,92.379792207619,33.22365800877378,7,18,7.648756871414303,1.678077881216681,0
284.8459109164104,125.08082472108234,77.00540263626124,5,25,7.5658341810102865,1.0085048052290877,0
225.13300908210903,77.58856509285059,89.81268781194937,6,25,6.694120461413386,1.0179969090561993,0
397.9446782358981,116.66321815953899,15.53531039983708,8,25,6.221847986869099,1.4766762879906374,0
214.19151732236205,92.8827707560563,67.99129564797443,2,12,7.277634789209549,1.8053780786818514,1
273.59733079818096,97.934101722307,47.395504224808214,4,20,8.65226306341102,0.7426094091303272,0
307.8444346371655,157.08279525631312,57.961933172458856,9,18,7.915370427487954,0.8510229049309923,0
386.47639734396694,152.73930361782806,68.69191208845841,4,20,6.2410379004278385,0.9943494891890352,0
213.84827092923365,138.27414362721532,47.819285897161194,4,18,5.809872824704792,2.447496428235921,0
369.7898251292976,87.23061705982263,43.1072980209597,3,34,6.16865321474805,1.2943049998858407,0
300.6139836611752,110.50774650915594,60.853810437200615,4,23,5.4715085375610215,1.697980181262053,0
241.10948093712295,156.3929309993755,32.81885152842993,4,22,7.176891378792694,0.9830856254319558,0
327.72620845579627,124.25150740919715,32.85437177787036,6,19,7.9765434144811405,1.4809190503149758,0
311.9435817344082,189.5798861994508,76.98433207391258,7,18,6.914392001799516,0.6482383487719161,1
263.9869873704723,131.79953518183115,31.2801491210336,3,20,9.063720151515419,0.5694842918446539,0
304.18812509940113,125.76147349470095,76.6578125227303,6,27,9.130497490185627,1.4374670536429204,0
276.8811841882944,110.72650607392495,71.56478232134879,8,18,7.369282322594105,1.2973185750368241,1
306.8110407150749,124.00622714346846,16.85483178023508,7,18,7.84232528857202,0.7737606393836554,0
339.7278404712628,115.42590490858369,43.06088369160862,3,20,5.919450426436663,1.8752028578414675,1
395.16100896872115,141.2432603006577,89.8527350761843,4,25,6.5670322073929865,2.485806981798529,1
225.73107007038905,148.70106950383752,35.47086172150796,6,14,8.52672445331986,1.291293642393425,0
427.982002479376,96.42031618476152,48.38989344226531,8,19,6.304872859253869,1.749117271834789,1
182.87473202864987,80.06301139326666,71.5515223312974,3,10,8.784855768419742,2.4259518847289714,0
290.892894297865,64.91383880690111,79.58476273206489,4,18,8.3350769224898,2.1630699448937505,0
335.29903238907457,135.2397398073763,53.711527848887606,3,23,7.901948753255629,1.4271044466053715,1
316.859512064102,86.89900181478379,45.06224513270896,8,16,5.592766132408432,1.9749789689198387,1
262.63802881076435,55.41328221142551,95.55924654246269,1,25,6.625616219115614,0.756270080501048,0
287.51266497856346,131.65735813592892,103.47249159493947,3,29,7.773050606612953,1.5242077109275984,1
270.41994392047,194.78998552298373,84.47145126954489,7,17,5.817102310597564,1.058120554359873,0
264.6381145833473,119.8178726538032,62.1329535641256,5,14,6.7719073033400825,0.8223273757923222,1
350.97612582126146,145.15472323354925,39.793356958976844,9,15,7.902557138953165,1.3525618125090697,0
321.42092915790283,122.45488075642695,39.23888983608587,5,21,6.318193326493245,0.7620291088672289,0
258.42542428436076,117.03331040426572,73.06285263164393,4,8,5.984254610477622,1.8979702163489711,1
353.975992525995,147.57229448963307,70.45995552221709,5,17,4.839070649454185,1.412480088106671,1
318.4379712525966,111.29176367434046,95.03996482366074,7,19,6.53603896274283,1.5622892651293276,1
348.7717271303376,128.0217694221571,76.26125231340347,3,20,7.927817815372165,0.792751877336314,0
337.77773051541675,129.6509341858804,22.42299245600455,6,17,5.952515589608202,0.779543322186989,0
250.26029934467567,99.95728639070853,86.29869044307296,7,21,7.021446527761248,1.6668308705202481,0
266.3891375881818,149.7612704860957,35.04848431713968,4,19,6.73094887384712,2.4700194956588923,0
344.8376163073957,114.75120729913775,50.40071820119121,4,20,6.200051732838343,0.6925011664754512,1
336.62221592600787,97.32764521521466,66.25500515629236,4,21,8.005246719251065,1.0714628571315625,0
298.7459043621511,136.0952953071121,109.89168724459911,3,23,8.970726737399074,2.238918233075775,1
307.0396429985269,93.04596054626889,137.74796390013404,4,22,8.205205532370044,0.6445440245104739,1
376.6598937473055,120.84543472107384,75.16807647840457,2,19,6.164876317059142,2.2517714427339026,1
264.5057166698502,119.7264301006739,55.420084531990305,7,24,9.390838796615133,1.5485719667495024,0
332.8258428702023,152.57686697494734,73.36264121201376,6,19,8.201683492276079,1.3165335478528517,0
287.8684408539664,134.24094698639857,82.1913856468459,7,13,6.451171517242852,1.1193611287029117,1
286.9391278063668,119.24919123764569,51.983309361070205,5,20,6.069608341465703,1.0942343162556838,0
365.92661111923144,144.53298897600862,104.88028389780806,4,21,8.345247116613908,1.1116051648989576,1
349.5249809392818,161.7062264705194,65.75176897978506,5,19,7.208523042348728,2.2696061619203913,0
348.8105781600383,136.73430919055588,72.44357722728486,4,26,5.979082181574727,1.947590460349571,1
378.32872842925974,120.31057859530142,76.64810630136154,7,15,6.82226922463374,1.8394460156623011,0
301.26023049796555,80.64491302949521,70.53966526536139,5,19,6.511363818542367,2.0974982979040018,0
340.9171782776978,88.04659010773882,80.97351251174031,6,21,6.011129057574355,1.01422932600829,1
281.3839946043926,110.84325886935997,44.56867033632692,5,20,8.217503503913761,1.7360856241635114,0
319.44998114930655,101.71463393522151,46.042456151349235,2,26,7.9380690259771765,1.420132477915902,0
292.19141673793894,114.39086091043661,32.49614417570763,4,34,8.006249773071112,2.0648832704003866,0
305.8197578995631,121.69949774691321,70.98753076550565,4,31,7.989604471983416,1.118512220946571,1
335.70942152621484,135.89078263070192,79.47341258780286,6,16,5.900759506350883,1.7863572337397915,0
250.90675900599166,117.88503665822726,71.44432165379715,11,19,6.275575273843604,2.264424823634627,1
425.5432365411276,134.59504931478605,101.86231083368844,6,21,8.750389027525195,1.3043009523898574,1
239.63895711001788,121.9342324443036,59.86009952927384,8,25,7.129614546926798,0.6332441747349229,0
227.14868323273606,60.736003009383865,76.71854138981281,5,18,5.2354351675548365,1.5321016446835856,1
369.48665241000407,91.81993818543737,32.70747809651714,3,27,7.260333193114896,1.1919449756140519,0
347.49976163777615,115.67737332835154,50.32250743813997,5,25,7.785749514001759,1.84445076109435,0
337.44718902312934,83.70915771476677,77.38844393914444,1,21,7.62884972484425,2.4020658494972125,1
337.7007305558568,137.99786189988615,81.2275527685786,8,17,5.874556476206033,1.471216635993694,1
299.26519362918515,165.92252497031092,52.650826308395445,6,22,9.264065871109064,1.4323804603110677,0
246.1647377108501,156.5628555509195,58.21001870354833,4,23,5.199286495469497,1.8091696003829205,0
304.5482734916236,113.59671387209376,22.053156332979768,7,21,7.133075716196095,0.7069950071871354,0
259.37029730927327,164.72178410549856,51.07426997983477,1,20,9.083863423319299,1.0070123778500293,0
358.5071840050651,124.46002371606335,82.25957908799465,7,16,7.709988500722534,2.337958651000797,1
291.1765571098717,109.88742086645883,74.38012540266416,3,27,8.003463482861626,1.8398852267275325,0
250.4701681924493,101.5979200937718,72.51664303453025,9,16,5.736203020995838,0.5268880879668325,0
280.7168495008204,110.92590940535615,61.244342179524004,4,26,7.416455749116245,0.9092509451180397,0
324.77588725653743,108.35469544376313,60.17657896570441,2,24,6.956076804766063,1.865674532057798,1
266.1765268317615,125.11248667126463,43.49197151316382,4,18,5.643946997002763,2.0287984051251486,1
250.6667762660141,124.81721943149594,77.47071050506337,6,20,8.038085787369955,2.1797191453480838,1
314.6212326895147,120.09138060460243,70.52432360973475,2,26,6.016615913619197,1.0843536067640898,0
314.6979942665234,133.1081450923905,72.30047119981998,1,15,6.158890441397768,2.3620571925551253,1
269.58340947773223,155.71938824359023,46.84912893331049,7,17,7.519095186501818,1.6058937871557848,0
271.73770166290063,148.4866240632397,6.166427003218892,7,22,6.828105465225982,1.8930780447757858,0
313.9229962414582,75.45306094650289,87.4288177938424,6,20,7.203145628387215,1.693477725559816,1
213.11493951016055,43.382365952941356,48.02906359978989,8,20,6.754600409476197,0.7454801093492409,0
215.5521735374067,148.02959733717822,38.43060589892198,7,23,8.69567301220485,2.4262293187697597,0
256.8933467248538,78.99363904753736,77.33697279784984,5,18,5.889963223313661,0.7457511597883053,1
287.1931708972892,113.2570379432195,50.19968400202176,6,31,6.442229463752785,1.0097639128223672,1
318.65445393588027,84.89660921821921,86.49840960116555,6,17,7.577405869095072,2.1272557604459603,0
388.52137301697314,65.94058687259941,75.42514873941744,7,27,5.814498599630777,1.7371939230022029,1
351.45957739212116,136.24388184614364,77.08923308001194,6,29,5.761331941124949,2.176298330752714,1
290.40368820219436,142.7746548090794,25.851107219986645,3,21,7.165292672803765,1.5314723767480898,0
298.85902752583866,102.70468797819842,90.29859963466001,3,29,8.040824054702654,1.2539864707332697,0
239.84823812173147,42.26873123565271,66.5312632808464,1,20,8.197453378953107,2.34369099909557,0
298.8892118404566,103.61266655242551,50.76807151884492,5,21,7.110087851184739,0.5725046350295897,0
282.6804816647917,131.7541201620764,63.58471168355628,3,19,6.193440809803208,2.2122604407060917,1
319.3631136202854,75.63265293677614,15.594119177541998,9,14,7.3307958371611095,0.9616355703755632,0
250.3661433868606,125.50079759337467,70.21632028701677,8,16,7.679365970454844,2.1974726555079354,0
331.16079085447035,119.54070452481014,34.26571229544821,4,16,7.314232791148329,0.7783932268337712,0
391.9643347801547,137.37874498803265,26.183242853911636,2,15,8.48100383054965,1.660437927381081,0
293.4743910925885,123.5874110524246,21.94102034455272,3,21,5.78300648169404,2.276215838022944,0
324.1027033259365,90.80793177355334,87.81720937474813,2,17,6.163628778827725,1.447079293797781,1
341.40863950266674,155.89714504993475,44.26841515768028,4,30,8.314419033278469,1.9931333476067858,0
275.9267716868498,115.2441128091909,98.34319274791248,4,23,5.232376203381683,2.109343235711117,1
313.445548908625,119.18086381470205,46.60496342369255,5,17,6.352737127502199,1.9729884174335584,1
300.7555440469077,92.00196122780412,17.316051060176335,8,12,6.1221516463283665,2.3506594737491966,0
305.8605659129299,106.70153246425468,32.086889001283524,6,16,5.122954118383638,1.3936684610398573,0
253.619412968672,93.45591857919297,90.89529050017347,3,20,6.775421434430903,0.8462508783303115,1
301.4706104555366,114.81161820229731,56.10254555158331,5,18,7.895552631866145,0.5956221274049596,0
329.879897474727,171.35125440427032,46.29281758773497,6,19,7.187593498625323,0.9929197392750102,0
387.0686164677025,78.84296571205931,64.0004556463197,3,21,7.959524542362493,0.7863950077604842,0
357.5562495651124,71.59315806369776,72.54456840418862,8,20,8.430347161171568,1.615897482868961,1
429.1909474506934,164.13510982480824,87.93497039756153,8,14,6.5372418868653766,0.869890674423464,1
253.95914622671702,113.72028968544402,96.21248074732316,5,15,10.0,0.5778674145787424,0
352.3392382032407,99.92781784020251,51.00578385527285,4,16,6.5855014911234,0.5719796577373357,0
311.0005203443011,151.19714062188228,26.848807847949047,2,16,6.744962768987571,2.163138996729723,0
431.3881759930604,101.83153380789408,49.6633709719181,6,26,6.150855355757467,1.6828998628860496,1
251.50210287869092,174.78029140640808,66.50701266457216,5,19,7.654467377109609,1.2161706037867563,1
249.61668946915344,140.33777614017808,35.906026844734726,6,19,6.65139589722763,2.288456085480494,1
264.03644127335866,105.36265775562892,36.07122712762393,7,22,6.905329333702005,0.6403932228154272,0
172.56625654141158,184.7192463979651,68.59469703874714,3,25,6.753744392528844,2.460644145455652,1
268.45469869915433,101.82855230989985,58.78369121073872,9,21,6.726514543327752,1.732583580508922,1
254.45204030677812,142.26286116027921,60.819924885289666,2,16,7.189943235278291,0.8669285079376969,0
309.02362718857245,128.97877741219475,41.03761663249826,0,20,6.4597317363560425,1.858138197953937,1
320.50535854662957,159.05223868196396,54.239982144855816,6,15,6.516045301699489,2.026762519567125,1
412.57025035295317,166.84533590180558,36.89417139329239,4,24,8.28742178874519,1.358685566741549,0
357.025430291163,120.960124471973,82.25496027811967,6,20,6.647773043342306,2.2232652124910945,1
265.3857806602558,97.3974638896145,85.88123336809382,4,21,7.460262884448549,0.8014648145929406,0
246.09511971909853,133.7991642881735,13.845303444047651,5,26,5.932609911413864,1.0576751671552167,0
329.51515029039035,99.66853890743681,36.762228495189746,2,21,6.466371967416553,0.6869847231679795,0
220.78600757876148,180.4016174257987,22.586768622748025,5,22,5.520927325011184,0.9217556812147043,0
409.88752595126124,124.09605993248212,43.749401639827546,4,22,9.225320120034192,0.9774576238222901,0
370.76640724327723,109.04035346063674,57.91405075524098,3,23,8.650551613201664,2.3352663818434203,0
271.8494608737177,125.54040917594725,23.758869507536744,5,23,7.714550791934425,0.6562193775023124,0
197.21192825454733,79.58621131410911,36.95350467186717,3,19,9.581323264347795,1.3548302403754189,0
381.2323424499248,90.85157884468046,34.90106569796254,3,16,7.92434326165975,1.564797374453826,0
293.12760928484295,156.01241723833277,65.1816832349736,4,22,6.793629107621414,2.2973861076043214,1
374.2689787184077,100.29317163085813,61.73360842590626,8,18,7.447023600510005,2.495392437322427,1
204.33434047233797,88.59267051954181,41.95656116656867,5,21,8.632943626574969,2.0067762298396716,0
264.0374986227736,136.09958257581857,64.42052180348495,4,23,5.943620589990438,2.441581981138059,1
300.314621983091,155.57112463988992,46.33299788531836,4,16,5.592618655280126,2.0742022650717473,0
302.8188356258845,141.568599319952,53.208622241848666,4,23,7.487294999955925,2.4264052819428334,1
272.9960717112454,149.8814305741745,101.83630225746342,4,20,6.295780319741515,1.9145414518889103,1
337.3709959408499,97.29614734291619,93.5115262947587,7,23,4.288118359049829,0.6595268509021421,1
235.94277423704432,77.3456799977447,27.51046907681006,8,12,5.508479983707318,1.303840373985353,0
291.4572308987224,165.0400095586646,80.74331044697936,7,18,6.626290780775745,1.7931945676049408,1
307.2177379027139,110.31960483473593,80.2849138622898,3,18,7.0578265056974825,1.201437018908502,0
330.86633004352495,112.47500950634858,31.293417781184544,6,14,7.093562919259958,1.0467678362275572,0
342.6968926853334,159.84582425547174,80.46944109387152,6,18,9.406235608282534,1.654798534266182,0
232.52147448972784,136.6869002820198,98.44829796031382,4,18,6.750849691958687,2.3670037534048696,1
207.95314975586268,133.67663316244824,31.936379843889654,6,13,7.333750587443325,0.5699637470323071,0
376.6606093139105,184.95007034703252,37.06242947464341,9,25,5.048929567150605,2.0384624070828754,0
319.9388407187755,100.69445308859571,85.44153667108756,6,13,6.962637354021669,1.9454545560892542,1
255.0908078066068,147.83520384243712,66.7873827706412,4,18,7.4010387318061195,2.427906850776574,1
393.06911853135136,121.71039374691253,73.78690688098808,6,21,5.349688622822573,2.361422444665087,1
306.9404780575715,128.05776836589772,68.51473041001242,7,24,5.879209648435652,2.024465124088386,1
370.7578310438296,165.85405279237597,69.76739802320361,4,25,7.587002360604244,1.5408175293651973,1
304.05110888460655,135.23507268868872,26.838196792222924,3,21,6.344408482825706,0.9085351064670397,0
423.64487549291925,136.14888237148898,86.1829426655362,4,23,6.876949874188031,1.5904714366511488,0
405.32045054659227,152.17522011929407,89.23974981069433,5,19,7.648933022750776,2.0307039878393076,1
285.0621510912556,109.05141811371344,54.265231398299306,3,14,9.44424660615498,2.2913384252757862,0
358.29425705726135,94.8237099798298,58.91307625465344,5,20,6.73385775870593,2.079424018421098,0
338.72255697510883,88.65572417936899,21.722312436106947,3,20,9.12303769465293,0.890533870382108,0
382.1178934519409,61.009302318719946,72.85636890044587,5,14,4.649471606445288,1.6993726284561188,1
242.10459236519372,181.68621389820967,74.3014360428536,5,16,7.178035430418382,1.164346919062714,0
341.16308759990636,86.90374902834951,58.44522457501723,5,32,6.599092951485723,0.518411334781286,0
363.50546921097526,113.36239129242684,88.10883399676257,6,26,6.361049219117923,0.9004418715773321,1
194.47563081461314,111.69560100333238,51.64806922550149,6,20,7.789681090668224,0.7264412998668985,0
229.0044892400535,129.22220093427302,74.11514814734001,6,20,6.7424552015377355,2.1854382470789373,1
177.64606933439399,144.47211637617892,34.50839153269711,5,17,4.57005599812814,1.017012504295624,0
283.83558993332656,145.81420465079236,59.41119622814405,7,25,5.093956902099301,1.069395937775111,0
343.0525353477577,102.50767684293184,55.64114355242911,3,18,7.866432350027733,2.4198731435977683,0
390.14142312576166,114.98634858640766,65.63269805102354,5,24,5.0353265116911246,1.2581734460977043,1
304.4456868251865,128.477398514649,50.761826779166036,7,21,7.898585417416934,0.5191712802887891,0
397.7169327342775,112.5392662144936,56.71318510820831,2,18,7.149728185493387,1.067692296692273,0
217.19391250710652,168.2203672805998,80.65117928603766,8,20,6.795658561809039,0.7385991612036249,0
197.79705363869073,134.72924854914754,49.08089406904456,4,33,6.902230992162073,0.7056171234717079,0
296.6671380662029,142.04633358149454,19.83557248153302,2,24,7.6177096242161,0.654974580271499,0
323.04392693635845,139.88643806002239,103.73959760513551,5,18,5.587016831672271,1.6865189403507546,1
298.0383151143544,155.20421572455973,94.53635196726216,5,22,7.0507493127972705,0.8786954472597173,0
175.9534739976074,125.4306467611112,27.69343262235953,4,17,5.632596647102481,1.222485588082021,0
294.6527976292327,81.0950415613246,77.24269513112986,6,17,7.196373731203441,2.2240354322600338,1
221.73182996970883,131.99063855257924,47.42563073621642,8,21,7.775772143438022,1.3486762795925513,0
340.1803529298023,100.45929318624513,66.58718038327649,4,28,7.199135035374778,2.3313827001032754,1
321.9958947658109,104.1414995475073,67.35560322533735,3,12,7.730322596716707,1.4958761067912125,0
243.60721282035868,137.5909205626528,54.13980499209195,6,21,6.159982197888056,1.2976732296795115,1
269.1679849597984,157.14849214300907,40.40585836034009,4,23,6.925383934815308,2.000777854181403,1
236.4471886866629,120.63814730208185,42.73647369209351,2,17,6.7144290242501246,0.6463501975360042,0
296.2392541636097,129.2649903779689,37.095202112968934,3,13,6.63587273543561,0.6789567659648348,0
357.3085392300743,171.06644833905713,39.20444479423888,1,18,6.039230602657734,1.8039474278459213,0
240.85643721986736,127.22259538465705,58.320542748766115,9,15,6.481812940690069,1.4738814264784965,0
330.24279093107066,198.05049342541184,42.106000272231206,5,16,5.664754485992199,2.0808305006384202,1
268.18454289765356,136.96528936894632,77.0513016428155,3,17,4.967014405810504,2.3325416746870626,1
252.42763006425935,67.17711722532547,97.18115388339818,4,21,6.1591400073510885,1.276733755343095,0
293.5781784027265,142.60024863313598,45.49866896574893,3,22,7.751151578537397,1.6928200531692925,0
237.88546065483757,131.43475154648334,65.98511251338442,4,19,7.280879189266816,1.5013932555906198,0
266.7810416791691,158.69258262248238,72.49212775757334,6,19,5.492076154903295,2.4632213112848658,1
228.1273264446691,140.19544053809875,71.80005677298186,4,16,6.512786375943536,2.1621688147131906,0
417.88350797498333,115.84632048048678,61.89888169790218,2,22,7.830957209637193,2.3234754165547074,0
302.1158131183037,83.27105291131903,78.56706045899305,6,26,6.46181035625548,1.0086801751552084,0
258.01646952044484,113.72930228141924,72.05622381701643,3,12,5.298680568245313,2.0450528463251887,1
312.83879464405334,94.484386373721,29.058439441817555,6,20,9.70915425569721,1.0309464499952978,0
293.2603170185502,102.58429650585832,81.72890160973182,2,17,6.79964940321646,0.9174850668567798,1
286.74182402800665,137.65735213261829,82.18227093166855,8,21,5.60370532000118,2.3885323193111017,1
336.8500020026055,170.0971351305422,40.91784739553546,3,16,7.205516230984232,0.5386088334357333,0
345.4504626028383,131.84014589468944,60.94844588619005,6,19,6.897276001224718,2.4307774073268593,0
268.16993114336833,84.12350813894447,77.08322482027674,4,18,5.150226274102758,0.7985237939776124,1
265.4509055613192,133.33808004660423,54.76715451051596,5,24,7.112042632963798,2.138876163586536,0
283.4968981709014,155.89894459936954,86.8244511941503,6,15,8.180482613674776,1.0518451061362062,0
161.8847301158649,101.70651287041854,119.09681236548403,1,22,6.720507751011707,1.2014046548614548,1
209.08853626808687,115.97948499981247,40.35034918412544,5,17,4.52776174333996,0.9335154226439699,0
382.01245604667145,120.4406458418759,25.47388492115563,7,22,7.410305932707164,1.6710280849621593,0
398.69806281007703,96.4530506075328,67.59546489012189,6,28,7.723480054297784,1.1961910950157482,0
285.0578376266173,139.44841301531577,78.03906262815359,6,24,6.2963055078065056,1.8147860789893264,0
334.593417783346,116.37155554176655,54.22834065388078,7,26,6.305126078392931,0.531294635884132,0
318.67500927261216,132.58597331721083,96.33151658302586,4,23,9.709427560309177,0.6287497670300792,1
484.73284850731426,93.375234665937,26.534855006918782,3,25,6.210142841389477,0.6993223054624973,0
367.1744946860746,106.87625099029769,77.32296557579028,8,20,5.653742840398898,1.3379873706204621,1
292.324944511154,141.67144073483314,44.85347948102766,4,18,7.030136900831213,2.129592345319952,0
242.66757356397446,108.815005437247,102.98444765518241,5,15,7.689810790924479,2.2763558207567653,0
203.61322078454566,171.80891553700215,109.81288382920296,5,21,7.638920474452379,0.9896214801218015,0
312.2078181520334,108.01091443156193,40.83358530541631,3,15,4.0383186948331655,1.648739448478028,1
254.61895528294178,126.74054177255658,46.2610716022855,9,29,6.207122192933233,2.0367299853852012,0
214.66477742413954,147.9777249561927,81.48969717449505,8,22,8.383465654154488,1.0776588598392174,0
261.2056269454484,77.44902801200905,50.32173375526213,6,19,7.392027358410047,1.3180154734725464,0
235.10711978313628,67.17573564057673,58.864719551694044,3,23,5.517050306192289,1.5479484053714279,0
401.2284981043539,74.23031056289716,60.63471051356026,5,21,8.490891169475447,0.7697496928160954,0
352.898385416967,157.87752310281547,12.008171095058593,5,21,8.157877262927414,0.5519645874515606,0
299.52164152100295,103.4442556232266,59.654056347644065,5,18,6.6440780703725535,0.8056116186365665,0
388.79664833340155,196.74597857004755,42.756805648395655,3,16,8.055360624173364,1.7537072425070668,0
304.6420984588571,103.07257204027835,47.6719294400057,7,22,9.399706998349624,0.6472365230673633,0
248.3229479203042,125.53653909591111,96.09080008672035,3,21,5.734743765705501,0.8793927297002566,1
391.38744463617945,166.26329857703627,28.587327643018593,0,20,7.666535418643515,1.1757077713906074,0
332.3346026210795,180.18278664477367,80.33012966869943,6,18,9.383133731305609,0.6557401286127327,0
237.76523074041262,181.84510729909192,53.02592674170479,6,23,7.783635463954635,0.8833985423232689,0
288.57967931498354,156.25098691779428,53.00599578760414,4,21,6.094740568762837,2.322539577967022,1
247.4629047969146,150.72187577434386,79.75929740129278,5,14,7.286695888529665,0.5385982644539695,0
217.03201614213984,137.77580847603548,68.50128236422226,9,17,8.643859911942835,1.8068638483487243,0
355.5706528518985,143.35083228499914,74.26532493048828,5,30,5.781080239691007,1.2688178618303698,1
414.56499842820784,103.46442851014399,84.20461651332153,4,26,6.96388395125136,1.8452974788647423,1
216.08594557085152,95.45403349733078,51.71729042041693,3,18,6.707820613861921,1.6773834407268091,0
333.77815420143423,119.89876627767144,44.69408163730624,6,28,6.2423060358950435,0.9469975087092886,0
260.96144585269036,114.89446132425215,32.87123683605505,2,28,7.289865842171675,2.1944189751467773,0
270.77247697411826,106.40315852018175,39.36473675052612,6,30,6.879139295132828,1.4838807652187134,0
264.45636454566784,140.89162342370145,133.72736063271813,6,20,7.7720202154837015,2.1450720378269432,1
248.16055381921103,148.6591562571153,91.11698951841967,6,21,8.369163393107717,1.3120250723764384,0
302.9112976766896,122.65220658875542,26.223140844799467,5,20,5.472603495455265,2.469371107830478,1
250.14299301533774,164.32590243165785,26.938551081410743,3,23,7.081037276776588,2.0409787170025924,0
316.22740954679034,85.74932657599484,72.04665154296228,4,29,6.936248633494652,2.431900410225147,0
296.9857134330518,114.19021622160845,73.68161993444917,4,24,7.244097608067499,1.5286529578197177,1
285.6631171880154,98.49533038191585,73.72209588293411,5,23,6.981434986279545,1.447382264581401,0
245.54618027750413,64.0039014878082,53.626105161157554,4,23,5.823204505323959,2.0109076186505157,0
265.39372016590005,117.51957942471903,56.86364349992749,4,18,8.745699442444707,2.2605825260268606,1
345.3234735495454,116.3475747485015,68.19698810398394,5,15,9.256913375443178,2.4282915917311163,0
330.0550312574628,165.40349229726394,62.14732515733326,5,14,7.656267644142021,1.1491038120649995,0
241.34668531208695,138.92435053664332,4.517490681311621,5,18,7.7177221357133865,2.097409147685278,0
305.95993832575357,89.27439527012385,54.25500923562016,7,29,7.157258996753408,0.9212911952710734,0
345.08322740230733,175.62277699002564,38.714839143492156,3,23,8.163043866134803,1.5911486934908905,0
199.8356831327177,156.63101086576057,64.3802854727128,2,13,4.068225633723122,0.8596962968183983,1
332.6016115427961,137.46293110405847,134.63147506508525,4,25,6.995365265449767,1.1947947235006777,1
260.2425744632492,113.20547703450504,69.18704163685761,4,13,6.312847596765386,2.3627167344129187,1
334.2359201155896,91.2168228982956,52.161757845690055,6,18,7.174981717625547,0.7921813995461722,0
254.204450607449,108.83379671786841,83.0450375494313,3,20,8.31115307820773,1.764801790270393,0
191.70707396012887,152.66245859112558,72.06719718023032,5,27,7.022841011459292,1.6859085458548067,0
202.34745372701025,176.53758917803827,70.50236226129603,5,9,6.567409193595195,0.741476705417973,1
302.8850967996829,166.29730584816568,75.17126483039178,5,20,5.316074764311463,1.1519580875376243,1
315.5833501032889,105.33451734641177,111.41358912073854,5,17,6.868868185337932,1.6259630090305315,1
245.7410024937355,86.41147700132967,31.727789116852108,3,18,7.806733236292816,0.8743572179769805,0
338.31554752664243,124.22658740733611,71.84080192028637,10,22,5.990694247585638,2.101247312825631,1
200.3087962638624,66.94681903311445,36.84047175046154,5,18,4.59599217158867,2.4443130190695,1
296.035212081161,129.69503142554345,73.8878161585562,4,21,9.729088181453633,0.9295187999249441,0
227.33902801425262,115.57192241103994,37.03283721284764,4,24,7.402210580920835,0.8738239295811518,0
260.88983353187047,106.01890494395273,49.56582965987289,7,18,6.73411169369085,1.4098701435948893,0
302.84392027898485,72.15890798199614,52.62275214405234,3,17,8.669193766245247,1.9955305542800643,0
248.37519808296287,135.4080031970915,84.39541798361773,6,18,7.169775209780564,1.0632012204705028,0
276.9266673462105,104.01897481014265,82.96136109856035,2,20,8.598438173957481,0.5397598173945608,1
360.3775685528664,84.90249492869137,28.85706558884039,4,22,8.495633459052668,1.582441256065788,0
265.38648782861105,33.832133601550524,61.37335277499622,4,16,5.470574951337843,2.4132011355346155,1
350.1415267239085,119.17455284848091,42.26050363127068,4,19,7.551993539695666,1.2825537108138911,0
232.21758872054292,173.16754790009233,28.537377233116636,8,20,9.070342788363213,1.3402691083662008,0
331.788250674917,169.83777643643612,54.57457373939074,5,19,5.801619171582631,2.437803434228076,1
386.494117239474,106.28711230241184,52.28793028860451,8,16,5.816350489537189,1.8892152232534567,1
151.70132999236264,101.93363818914659,120.66791215863806,5,22,6.019358716597583,1.9383438456842503,1
252.18628467177138,134.06322768225073,70.82399563401741,7,19,8.068502302588248,1.6254040107421353,0
334.6243276308324,90.04843682435126,25.55956248114407,8,25,7.341262855436312,2.449218421726483,0
287.8172768374204,129.05375699458398,45.88064989572644,3,17,4.6770732029924496,1.8777329688511122,1
322.26875240227855,142.9824083515407,85.53458238573496,4,22,7.40913534822032,2.290065503210339,1
263.76088879705077,156.80799671652923,112.21106932174813,6,15,6.697702080554611,1.8987577314664423,1
305.195387248374,116.99537770560141,20.35041719405104,4,27,6.865268957619797,1.970231649680792,0
290.65936587647525,113.88978749469102,13.00189037152387,4,29,5.995575884270662,1.080821844284493,0
370.0669236995884,93.66052239730317,106.77412938429455,6,24,7.417909865816959,1.106957396027638,1
315.2652505980728,95.1935893788042,69.7403544342726,2,22,8.260549936368351,2.0659692991520586,1
320.25615972451214,113.20563324295419,38.292681703090835,4,18,6.229640359201024,1.0934125783397992,1
275.287382032652,131.02096520448535,73.36572715306089,2,25,4.981052762875699,1.6255401416030633,1
270.7436265556504,147.4075387869975,0.0,8,21,6.636262814179942,0.9987046218134039,0
274.0465087308227,95.90463147958965,60.084387664929025,7,19,7.907544074322675,2.133966761618139,0
323.6671285426978,164.78065706878564,68.19552932107713,2,15,6.494763584965006,0.72100270245538,0
274.7409311507842,111.86629196872293,83.10675348844575,5,22,5.202941246607807,2.158893279523329,1
317.38649141378477,119.35898116954692,34.65260119268656,6,18,7.915891418703256,1.7054596010152037,0
424.5240479187263,97.5836496255653,62.14217903508398,7,24,8.698417776397974,0.8738190696541546,1
352.26748220590156,47.272792191811746,36.86438434851031,7,20,7.024018660133109,1.5840707710122364,0
280.43858806992955,146.52136189083149,66.38459389185793,7,16,5.073050968022082,1.064997673694681,1
372.0728353298367,142.105316912773,37.6163419409244,6,21,6.6186033495765475,1.1469346694609932,0
275.51547761870694,111.56017328645359,49.79747902099449,5,27,7.1818466569903245,1.2030560831937607,0
177.71252788932878,122.00972151674615,35.10461513024427,5,21,6.028344031297928,0.6266384939446419,0
239.51482134495575,135.47817653112298,76.27840604559142,8,22,7.700046677525698,2.471923368802835,1
187.75248473844866,73.12362429340372,81.46127791641663,7,22,5.911046662120241,0.5630692562624482,1
278.9091909575215,104.12841967961116,54.13448575106466,4,15,7.03075320688243,1.8249937463685568,0
301.1051027513731,143.8279403886548,60.95594987400071,5,22,6.726013498793964,1.2424552955148611,1
400.586238736517,82.37131730492251,23.7852146341614,8,17,7.739025757780103,1.7920205818933979,0
319.6156424258498,128.8067379649989,52.508083799830324,5,18,6.982876986886531,1.2124965061751676,0
286.85396827146815,79.30254586129786,58.744884573956384,2,29,6.764209959904888,1.8475012925177174,1
349.76433487100934,133.9928994730058,125.51982727574938,3,18,6.036561711719286,1.9584710189367216,1
167.3318814595269,118.93075553107549,32.200824355645906,7,27,7.041722817511922,1.8811052807992896,0
314.13687348651393,71.54604552283472,96.60443096881093,3,16,6.68775099836927,0.7279239627163046,0
346.251911633218,154.94218063371514,84.9214693366452,8,18,5.955363692526391,1.8137864693093693,1
211.2848252532095,97.96225269605853,67.01591011225341,1,23,7.19138922930212,1.0599750989081946,0
368.62524259241576,95.69242688956857,103.96551210487834,5,16,7.436765608067318,0.557602741138667,1
320.30978444966485,126.01707591692829,69.30263681517157,3,22,6.593911333531821,1.329661343777908,1
275.0827251659519,154.45912048286147,69.72897989169822,5,19,8.117883077276508,1.367086205607602,0
337.9669119663771,89.52534543064809,58.67198367456137,5,19,7.31676917132339,1.434348266704893,0
436.2415714682637,121.85039549543914,90.58922206046569,2,27,5.459375335769633,1.9096483307814325,1
310.91197530350973,132.8644950099172,87.41173084527209,7,19,8.60487279389642,1.1176876182849182,1
314.8932351780202,140.79316821789433,44.35806781259469,2,29,7.920385517656044,1.1305610262078452,0
272.43834602758534,125.29324665831676,27.018820135030815,4,19,8.202197453513838,0.6211045124825212,0
249.0093378321125,108.98916482750033,54.92548406510857,5,21,7.480603548235324,1.873642431984592,0
349.8201489926547,95.1722933805384,39.999035890058835,4,22,4.194727431367575,1.635652182799168,0
248.63497044546796,122.58431649139125,58.41188563461612,4,20,8.311142309508192,1.1988502253875761,0
304.29397423316357,87.8358296404318,90.93595336710348,5,26,7.07294521998398,1.9103779578347093,1
271.340553194093,32.35948549516178,48.56745862283025,4,17,7.423863018196954,1.5747154984537544,0
328.7387895447835,133.09679412473002,58.92941546721063,4,26,7.648460857328398,1.4384898917410793,1
320.0197263172169,147.11804523258587,61.45056837020988,5,19,9.323532535173475,1.522649087322253,0
362.25239665547394,49.11202693374484,81.21077205513211,7,24,6.344531578640673,1.772696250534113,1
269.3990160687152,89.70807885870187,3.8277666503848664,6,18,6.375516411712659,1.820005209149199,0
283.8075038823977,138.57462783015592,44.83249263086758,6,25,5.978758573948519,1.0779156382814343,1
241.27417705306155,181.72486409135095,65.28209230698681,8,27,5.71606893832586,0.7814867267823065,1
273.3424043954333,120.62381123026223,90.00197391067152,5,30,5.738162519698366,0.8132683623810375,1
322.63802958269116,98.15991176312596,47.70243881234487,2,18,4.777882304475498,1.7787817718060033,1
345.4193169987211,114.51310676685479,13.086182348953145,4,17,7.511986972710971,2.245746571534252,0
244.67008054934246,161.24629257444553,75.4927861491534,6,17,9.385367877714502,1.3189925566911036,0
352.1763552063396,100.62107462626395,44.115940279359265,3,19,9.461889186184264,0.8390403206589248,0
381.33827152829707,96.0242398004924,30.25833352274097,3,27,5.977158251149599,2.0132049965877092,1
324.80609419342204,105.51769433453903,44.3913652571694,5,16,6.673414746832914,2.164978948838897,0
412.607748753484,91.40014175223862,55.38686605860376,5,17,8.480010616540955,2.261164886241933,0
253.57264805378563,123.68010947984386,44.881383386544684,6,13,7.5188163570493405,1.7136628578274664,0
225.32071780131497,168.7403537540868,4.860848572523274,2,14,7.161418805913539,2.2214571187761694,0
193.2767850657433,129.69237819348086,82.4266549221783,6,17,6.691918505388918,0.5308299168968154,0
389.762658689351,112.42939493621137,91.87187603196806,4,21,8.413961733931853,0.714471603539047,0
339.26193938124345,111.24566193253368,76.28804978348765,3,24,5.712338849552241,0.6851521341041975,1
296.6649197453727,73.10427573910029,31.557858239379584,4,16,7.5770500785351595,1.925209368509466,0
316.79811757918924,146.49329331441476,54.96271165131205,2,18,7.413920611027135,0.639163567087158,0
232.4706571620974,117.66488408961594,59.83696711926355,6,23,7.05204634802002,1.492728744932614,0
446.74511877700957,114.58560259228123,74.96985973904776,8,17,7.945275588920303,1.4454137972725782,1
307.75327091851364,215.7932270353458,76.70851221795202,5,23,7.040484753919362,1.1214070471164819,0
306.56368767629357,128.96258725097059,41.64565503053761,6,14,6.358566892075062,2.2408103398841996,0
343.5459974339215,97.44626849714447,62.04988891033901,5,16,7.111013570778571,0.840866403759992,0
328.8605539042028,107.2092721138337,71.43201011538103,5,15,5.089475596434608,1.2049255687984797,1
313.4330414567479,154.45337127590264,96.39555805366916,6,14,7.73525767743588,2.0483430000458585,1
252.5715326732813,123.39811231613294,77.61266349561808,4,14,8.04187510419949,0.5608446287865685,0
328.28810142815973,76.851660650479,79.72641718438797,4,12,6.212062562264612,1.8459008004927373,1
412.921469788502,147.5768680372561,62.09566569823402,5,20,5.926586534058072,2.1327954527231414,1
380.7252027692987,99.95567743383018,95.2614786300876,5,24,6.256298011994703,2.3645356776763347,1
395.5911975983638,176.19893328652637,70.24406989898743,4,19,6.924372427144132,2.25259328098297,1
269.3270594141289,152.40144197143945,38.47280224566074,4,30,7.259063149642717,1.1387682336673703,0
240.62371078448516,106.58034313023747,95.08424925312977,7,21,8.938590332668097,1.6727282826459051,0
292.4527847940211,158.4304908520534,77.4475818134757,5,17,8.786909219333385,0.6545869863009317,0
303.3434947373217,122.0356653158221,48.92389947178794,4,14,7.99785119808704,1.0157400070960172,0
365.6514911082569,145.58321025366658,48.012675815018916,3,23,7.145512794819021,0.6884447574950148,0
198.45212221711085,134.54198451883425,67.41438862851905,9,21,5.88769109668047,1.1303745803079277,0
391.7730191676368,94.6093003502738,71.57961988168962,6,19,9.015564680105514,2.2503744269174577,0
290.5195260852606,100.69350503047613,64.93230664078015,6,15,6.70282944318123,1.1943336793485853,1
274.3871358031548,150.89882452743484,67.78271683607213,4,26,7.337648960722302,1.6237962060028528,1
239.27373748438995,109.95674003680378,102.49893436440951,7,14,7.752822866253239,1.3667616962298816,1
200.70859968805382,107.8905461027401,86.78857880587213,6,26,7.073915026447213,1.4178330485974706,1
349.3902350377149,91.34632261951941,64.7658897816256,6,21,8.381316814538586,2.4391441036731165,1
304.3990780313042,132.70797196780384,83.53276451918708,2,14,7.546470332923023,1.0923089365277159,0
222.60234601553677,181.87574757729436,34.186902411811516,6,28,8.186366226567115,1.7546489390463427,0
222.29527367618303,87.9740125723718,69.94817624867022,4,21,7.536814671167605,1.340125339158894,0
279.8529180425923,120.72658370018274,105.23265874332776,7,19,6.954520405337722,0.6222923620953724,1
400.1412915173636,162.3666166624629,54.548852615190654,8,18,7.0890227338265985,1.478661663248472,0
284.4245189181837,117.61075826262855,38.80915178452288,6,23,6.925311426011198,2.1266866580902164,0
209.81142281291363,133.57115388749202,43.697777785173486,3,16,5.45885701788466,0.6975059373633767,0
285.2554161548433,88.1281941555936,32.759174066440295,4,19,5.799016646819659,0.6391836947926179,0
283.63658581513977,132.84921291622945,40.380952296807415,5,19,7.888657042988418,0.8072630407865333,0
138.1868014235057,114.38567204986353,50.737297535249276,3,19,5.488754470040845,2.028800222778612,0
296.7423080089313,149.5718998703959,24.860824520533953,5,16,6.514932051549776,1.947990768289476,1
286.14392818747933,155.62158154694254,60.390458348740076,8,24,5.7398757166399985,1.630035537812221,1
341.7723818888051,197.68690926055842,82.55692934466617,8,23,6.450737262353418,1.4364528081852648,1
410.9373656967207,137.38899519640728,37.30609549632699,5,20,6.813676835075489,2.276651629405244,1
367.5939017728655,129.773889497465,97.98209809104422,5,19,6.512519489960229,2.033395647666965,1
283.86667856671016,125.83152904732007,72.76980221318986,8,15,5.285962687299913,2.1238845026036106,1
233.60844547549976,109.40501121567935,85.76451464060143,5,21,6.777363397184243,2.1265246027013083,0
454.40158819499163,130.15451530385073,43.554136153696575,4,16,5.849324606262524,1.785434309491116,0
303.5531060408693,111.13795769582912,81.36313067666539,3,23,6.236131348328678,1.4160292486318917,0
300.8357575147768,125.05382928808842,32.701652490117176,7,21,7.888624183959994,2.2293555051713008,0
298.5524947733998,159.5279260682388,82.25618752091272,4,19,8.14647159574883,2.3520148352065013,0
311.8850856460713,89.80372304161077,64.29598349483828,4,19,5.426834997132532,0.547612086516686,1
291.3383752845634,154.19635683387136,73.8312804996196,5,21,8.882399076493776,0.6031097465325026,0
265.5802795871858,159.51345202019596,30.61013485937871,3,21,6.387896107937226,2.4174865938168746,1
267.1884635255765,116.45794419026764,37.62325394308488,5,19,6.278787855241729,1.0543212276883895,0
298.0348037870401,56.344353029742166,74.93070545633462,4,19,5.930014255191063,2.2467388792988374,1
267.3945137319741,101.76534038716703,36.29129989439498,6,13,7.067094489983844,1.2775902379228052,0
257.2292530393701,158.90983639683327,71.58015730247807,5,18,9.377860300058723,0.7382001152187112,0
306.3858136615138,119.31395813103353,25.821554838493853,5,20,5.152408697256535,0.6608864004186685,0
284.70136695474866,90.02093303115268,81.2043553166667,2,17,4.531736483894111,0.813015798160913,0
390.2395793149613,104.85675236315348,29.186917130787272,5,20,7.322212630896507,0.9997863897347294,0
140.9418114964193,145.21860079513658,73.80749844198809,3,18,7.683207007510358,1.4770367078616524,0
365.4904111153477,136.40200704604138,75.64077334115002,3,22,7.063206651778263,1.902995801131567,1
374.76511154985775,112.83203702490917,42.58070453926062,5,20,7.7149593704995985,2.4727971529705997,0
175.59658605551104,108.99526764555938,74.55066417711816,4,19,5.642486807931953,1.383013486578342,1
279.4387443551791,108.24725552868534,66.5110565833389,3,20,5.866156273245094,1.5363698846862197,1
277.71354804025253,92.32769446504493,46.52895359518154,4,28,7.148749519007075,1.5436314027665112,0
215.54929831693073,168.46127068408325,34.7861328980948,2,24,9.10968323287459,1.5788687109758721,0
253.3309987445475,110.3303859236598,10.934357708185523,6,21,7.672816792108061,1.5354813142089245,0
233.36544927205028,156.5147556247649,68.74125118249233,7,19,7.728644787693094,0.5175495101238357,0
405.1362266054174,165.63948155767355,20.879930715948625,3,19,5.711588205319299,0.5034496442196814,0
356.14070358884766,149.9493269444388,62.38360498603271,5,26,7.506886099398306,0.6953326362522458,0
376.2933056996495,107.05139061845856,53.41379459794377,4,22,5.581420901437843,0.7031132068583577,1
343.30032384259414,132.1119027100983,76.97856938595488,6,13,9.121308829552252,1.9097938179095921,0
232.25689372696624,119.27413180827251,52.448862512753394,6,26,5.785687228763952,0.9098320650319995,0
268.5287840232136,92.88894417809615,51.763805341322715,2,12,6.044223257801965,2.2894282095112257,0
329.3624736736751,129.7307784516481,78.29676760720739,2,18,5.232309228322463,2.357212659154039,1
226.67233146648329,84.62880626520592,68.37645072710293,5,23,7.102979583467674,2.4517866757917974,0
342.7799058103433,155.6303816538469,67.90389892956945,2,26,7.0525499774357305,2.3781626097740403,0
285.5804761105119,106.06148108104821,71.73168974521316,7,19,8.815889297412056,1.0437766438370493,0
277.51075154702414,126.03478967618518,21.610696919822352,4,15,7.931697902366117,1.519553689407025,0
342.65759809220947,128.49863614638426,78.91971699967455,5,23,6.0510799440939405,0.850909940393882,1
326.6557986891624,112.23285078887768,75.31171985034005,7,25,8.04807464370074,2.1124193103448663,0
278.3420300508552,137.60081404425824,34.58292178558757,5,18,5.507781193211089,2.2768634102881924,0
369.5597882018549,105.75289030132427,53.89798815814497,7,21,6.137976353403229,2.2025776785950297,1
235.13620034400617,146.1389189237173,59.01731780930922,1,19,7.1421514584870645,1.3667338973936698,0
336.9561364166558,79.62060959259755,56.63758038995668,3,19,5.641736345760882,2.017347769373562,1
335.586075478103,123.79138738639236,68.34649916421337,4,20,8.277590620489772,0.6951583391525389,0
281.42721364116056,178.16786997174853,95.78416954577959,9,17,9.735175401817626,0.5804895412385014,0
319.5679813345271,89.99006026183275,87.04416819182072,4,24,6.646573491024835,2.0064728286175217,1
224.93318541688183,99.66765088425446,27.194520164214843,5,21,6.217975697570557,1.3507105486573674,0
355.4416211524141,135.41723548976745,75.55174975765122,6,19,6.844492467191145,2.4910985294791383,1
288.9058718134207,125.38745345818793,93.22333298838524,6,26,6.3311532057855935,0.6945084317110648,0
268.6366187688576,130.51890297820677,69.67021301723007,3,18,7.31407652583266,2.2112553630704674,1
362.94055355021334,134.6756139044299,87.27451062964917,3,15,5.413114623156609,1.4599661310579835,1
257.7393785674344,139.0416440568531,110.30676114251912,5,18,7.38220767832165,2.1543003910077543,1
215.49232221818642,153.29099525868668,85.59273865267454,7,21,9.29430788628379,2.1342545643402895,0
206.60224958856577,132.29455970785537,66.23271489104322,6,18,4.5974289361113385,2.3319840027241545,1
336.3605970807384,112.76227036144373,86.12721185211883,6,22,5.597623084071627,1.0957000225722056,1
223.17423885022302,140.17721103608193,63.62219582742228,4,14,6.465931187335296,2.399598706924006,1
405.2876509190619,176.99645804685647,60.59757608212389,7,25,7.650271384571087,0.8033339207152406,0
175.08423552697667,116.02098760852279,51.21464410715669,4,12,8.068458514918056,0.663937555186981,0
401.7873820974023,90.76412085988076,99.08533397080271,8,24,7.971921391001003,1.3632310347446983,1
312.6610480321571,153.21242007860917,39.53928335144997,5,25,4.9699578128860065,2.1566459372836855,1
294.19721328777644,116.38856508139206,98.3091931169529,5,14,6.190785008084441,1.4468422612668912,1
267.304854791463,54.81991361957891,72.49660309350928,4,20,5.919619710258299,2.158573355061028,1
323.94816686112426,145.42265031451265,25.017345629951464,5,14,6.921761338780211,1.9593736115886105,0
297.7419178545091,103.94015442138232,69.19123232478555,2,20,7.021936102910585,0.9188567722778671,0
366.1981129209913,117.28400153087517,7.4993373087094,3,19,5.356927463835307,2.3977632497989276,0
306.85365891972236,129.95940991707045,75.6377004207759,7,29,6.472534773897087,0.6215623372588068,1
309.01810568771265,125.71499039337199,82.13078707472478,5,30,7.696622254714845,2.29655941508759,1
278.1832672671687,141.2835545141712,45.19110110869866,6,23,6.246002998492539,1.108886897980748,0
296.58326257673593,106.9354088829047,63.088692398889556,7,22,6.759719997531968,1.5002961663287986,1
318.4681061335236,135.39317394528248,108.85393584375716,2,21,9.036267783496768,1.344703745401469,0
197.38989644060246,112.21359967248249,47.35633239345158,7,25,9.38803541622301,0.8436691138338324,0
219.10887467365723,142.16431442662508,33.527310323584985,5,25,4.40636668884957,1.2162937328033863,0
344.59584564136287,138.46102452039162,97.04158506156497,5,19,7.136677086398175,0.8858688725855905,1
310.2519262876765,91.93683893866213,109.06467976326988,7,17,10.0,0.9077729509210477,0
288.96099981883924,152.57946348525098,60.09239179619618,6,20,7.574616241399092,0.8741136720527607,0
301.10603598392356,103.92109664657856,85.2865758852089,5,24,7.022188070736587,1.4780347606931885,0
320.85490232170025,144.24173394843436,93.53689788827202,0,19,8.575225814139579,2.095862735022631,0
267.6144191814383,131.01861940204023,41.437894186540404,7,17,7.261711367753999,1.637940067522482,0
253.30171647586124,175.14551030385368,47.867354115803295,5,15,7.850964574613604,2.286413177101684,1
311.7507153058609,113.29602052884444,90.77186282886838,5,28,6.747634606009549,1.7730889771534484,1
241.29763334309808,109.52049611645407,102.12535696771273,6,25,7.244212432497901,1.8786802312652089,1
324.4951653428683,119.41741182336803,74.07202150435887,8,23,7.51195682805064,1.8352144594540063,1
197.84498374572956,110.90460651497173,38.00464116244864,4,22,8.038670518808782,1.3989183863674823,0
361.7493382395386,143.99825705826152,109.67652779248603,6,22,6.481935181492696,1.8786776444001656,1
328.35584894478257,71.51068174690236,46.72572755470089,4,27,6.449321094650946,0.6394154929379223,0
315.36178405883254,88.38952742560937,51.6215554707137,1,17,4.687021086959088,2.2197029438313263,1
358.96145903673084,87.9659123526242,68.55844586224053,3,24,6.535418732980212,2.0556242868878347,0
399.9284666677546,148.50922775920728,98.85401051786936,4,14,8.14364243811731,0.9904599164633576,0
360.8622039010878,171.31840117745776,81.3493994138056,5,22,7.5558693472001615,2.036064908508165,0
189.5475461201013,116.86652344387585,70.37163750904776,4,24,5.803897717113081,0.525285202800037,0
223.2253819958579,114.93534830429968,71.58221325295266,5,24,4.715365029850959,0.9344931449617608,1
262.5108853382593,122.10156489339545,61.08786671608665,2,15,6.829095117894922,0.6302744773417919,0
301.56546301265,154.85634907824573,73.95348786296266,2,18,8.108533423172773,2.0604538332357896,1
331.0595412281474,92.17940597428277,0.0,5,16,6.425322001828221,2.011748302356774,0
256.45537121079207,127.15106948204355,52.58481352325504,5,33,5.2660929950250415,2.127272047603661,0
311.2060058686247,149.25592889347288,66.03304837291952,5,24,6.292591393234463,0.5089633866510577,0
254.67702405880064,135.03282509819536,31.224647909512324,6,14,7.391390636698916,1.502465453356816,0
263.3089318204831,125.68744849796231,69.658082945289,4,17,8.49092474383083,1.909672395034673,0
215.60033418910666,150.03138277701424,54.888219475346965,9,10,6.691965966250734,0.8108022574780309,0
244.60600523334574,38.90303121002289,103.88689245788726,7,12,8.265870895062097,1.7995814550252494,1
218.89892366301999,140.33625958592722,99.3254931303714,2,20,8.132850577778902,0.6682201986193714,1
241.44760482136004,100.37772950617729,48.354860772045924,3,19,5.588001811137415,0.8626517122086264,0
363.21850779647036,65.08101309430629,56.229057210832615,4,27,8.500849741922982,1.451593629989202,0
243.03606667008341,135.33607798574943,58.151310859790186,6,26,7.354135320492571,1.807130305362204,0
457.94292389024343,161.20975635488873,48.70851309600943,7,18,5.551980335506937,0.7917382539077922,1
329.5990740528533,115.87654456116924,64.87562460070316,4,22,9.11299760792528,0.8704466616618758,0
311.09016742169246,148.58623641608816,41.04294827781025,5,25,6.8493092944839,0.908892734131326,0
248.4985331891272,168.36834773965936,31.73461662656184,5,23,4.6678682172269,0.977401609397957,0
342.0185927645395,159.44743360752142,75.56778059750671,3,13,6.152480382515069,0.9531076970525825,1
265.46173042573355,169.19893588114178,75.73823960554527,3,19,5.857054909941729,1.2902982169952735,1
307.3205888787217,142.26382473215676,39.89210600850019,7,25,6.181912079062158,1.8075793016734458,1
453.6050722961277,122.26300916704778,82.38388576906499,3,21,6.465777505410104,1.3760635662689393,1
294.236406016521,71.94102564308494,44.21055677086672,8,17,6.691132880458083,2.0519478174997765,1
368.95639957714053,112.61812535610154,66.32913095094953,8,24,6.645996749779437,1.9385370118972296,1
257.80941449244676,94.70260214051424,80.5086003153114,5,18,6.88301772882753,0.7530538280981514,0
297.9006905701823,185.1282815249344,59.159685882407175,5,25,7.704872063701066,0.5976832466414879,0
406.2480381381306,114.7234256270299,71.36852280352836,3,14,6.1042763689272626,2.255883127999212,1
262.381976532734,123.69614420353457,47.089258902810705,3,27,8.417200637204735,0.6596621331257468,0
408.7469134798157,136.54456128121402,55.088335414297575,6,16,5.529779801713991,0.7966783614394262,1
342.46511612732854,121.30807339117361,54.85351422799149,5,22,7.73814262699051,0.5442665511162361,0
266.25199344634393,170.8515312129226,41.33554133649403,4,16,8.971925593223121,1.7566727305973076,0
337.9444643433313,101.32051914796644,55.58064592210545,6,16,6.787172141632109,1.6647411263166971,0
358.35326697760377,125.83822365711728,21.284542528406334,3,19,7.232158445185887,2.4738073328705115,0
337.3085977330318,97.72588242905854,47.72115632144738,12,23,5.838433131549434,2.273864792634344,1
205.78651680657262,80.39932466337882,52.87811266575823,1,22,6.385861931049967,1.3216863549618194,0
256.3717694505079,101.64692727284144,53.5955061876155,6,21,8.881214244657585,1.24317168182507,0
285.14888186690973,118.88889608854764,53.96256385323053,1,28,7.89817875326037,1.0937040685599702,0
295.5339942539972,107.1209332644822,58.45589500349678,6,18,7.502253184112767,0.8048138400757627,0
337.2403258530407,99.22737060378432,71.9860379521516,1,13,4.674430543340143,0.7761673132040181,1
310.66206005599525,77.81047608984498,81.86292685331307,4,20,6.140232518720099,0.7645674160192109,0
219.87933847739393,117.50683282113916,43.755869328793324,3,18,9.086790172392224,0.7282295143735571,0
322.8118710603578,74.85838877906994,29.91997861527139,3,21,7.4929983557489805,0.9810240848110738,0
336.6351447170294,142.80167891068808,33.948889693922425,5,14,7.642714476212857,1.1133372606262328,0
333.5874268758624,122.4731925880351,47.81992697012682,5,19,7.204666184735327,2.4231579420778315,0
364.8468435332773,76.27345501605208,51.20196705458727,5,19,6.264412613279745,1.6569465020037715,0
350.03532927293423,110.7237276885041,40.75009834506356,9,23,7.399049908547732,2.4751915490265617,1
327.5508047537062,97.4353078322825,27.59708339375264,3,17,5.163743025012988,1.2449338956513465,0
295.79005731248117,129.57523531257542,48.5969793131453,3,26,5.073454361153106,1.415253265178882,1
200.3423439890405,160.21351338069434,64.53566550284928,6,21,6.117670336746933,1.1491573183305583,0
325.77709314795516,63.74482591062766,74.87573664588912,6,19,7.2305970832399185,0.8657753017931054,0
312.46126122978666,123.45078237442252,46.06442367229197,3,23,5.116392249965832,0.7863294155551583,0
316.2947302317224,115.19601613300078,49.67505444641415,7,13,7.15245123041788,2.390158395615664,0
223.39508545078144,140.14020229351397,36.83254227881723,4,16,5.806528904402234,2.4736213635975117,1
235.13660757550426,126.39589884713067,59.21402074063059,1,20,5.968209435054526,0.5898189930174631,1
363.1891711999742,97.44092004783542,38.78928414522964,7,23,8.559506173198248,0.800691749463533,0
297.6266907686007,110.42838193000145,74.32819533103,7,22,7.044752895784794,1.3470481846020452,0
340.89004184235745,96.11922429589532,15.35333770164722,2,17,5.915433545877342,0.8726669526888147,0
301.69910256782765,152.28021415795794,51.00925818868844,5,19,7.224200167313142,1.2277607872537666,0
301.78536836974473,120.63934946015827,67.52768347979355,6,15,5.2364580351924515,0.7581926997192667,1
356.2970283585599,177.0357205725902,64.59586290806261,9,9,7.458796393359864,1.4130235134435805,0
269.03731630695756,118.18017558556137,127.32584159951242,3,14,8.32878182381912,1.0433892323385185,1
305.767246616459,98.74779699268612,68.74500061419769,4,16,7.794074482025916,1.2038101115173216,0
272.2634826776974,74.58856822161519,34.898635078949745,10,20,9.589257165325561,0.6886253029254952,0
273.93022635406106,65.90580971232166,57.613393822773176,4,20,4.673930726485342,1.3562561014202834,1
281.4496725918816,72.4759217098353,15.593841663338708,4,13,7.152362896095745,2.4665152219231397,0
313.3280262980228,128.0137995303445,57.98500626758098,4,16,5.387799124210576,1.1576660937623806,1
271.2750827001914,135.26175069689802,39.17359857498103,7,22,6.792134282377882,2.25285854968487,1
375.34536753441125,72.564278939036,82.88475688900405,8,10,7.001852762094703,2.18639828324737,1
246.32356186682978,146.85114942228347,46.26149313511163,6,13,9.735814579569416,2.4041168365944214,0
288.78770135031846,105.50816844949682,57.08085210511884,6,17,6.9282674675292,2.080219024534189,0
273.6161365035495,124.40379035956649,44.11105396488992,3,21,6.90588373565842,1.81919365411763,0
386.818673061224,168.36661884766272,103.47128379633328,5,22,8.206190928028107,2.2131688884549154,1
311.7932865906945,146.90517947596595,51.968930847052206,6,21,6.936613912566907,0.6512893613146993,0
361.91067236811807,111.94408056282504,105.81392608698005,2,23,9.197376490305558,1.4256613143976156,0
210.86637761778167,93.26423323754138,80.35379405295666,8,21,7.803621387179806,2.478512477230118,0
316.02301595215556,55.445537960120845,72.05166818338465,5,22,7.9942036957840195,2.0392003025894647,1
353.3778477374062,98.42540042272739,69.218328682938,4,15,4.758923276273492,2.424150756074446,1
304.9370393565255,113.66609283516917,69.8449324554063,4,26,9.382255382603862,2.059268712266958,0
363.9288225039211,90.38461418546449,11.80818551635975,2,20,6.212249295637526,2.2497639348842884,0
268.96269299397767,116.06229098723085,53.02791514623109,5,19,6.988323798989987,1.913059264606382,1
384.5608464111348,122.30555648876305,81.12894927960804,5,18,6.2167553138375835,2.0210040088344794,1
437.933887417155,113.25432054575765,58.77757041314736,4,14,5.770898427246552,1.5463560196790014,1
278.22968637362044,100.49992257529621,24.870253829910624,2,10,5.5573979593907925,2.348475401628266,1
273.2698487159537,125.05964015900183,58.689888735563265,4,29,7.123889990438903,2.1500778212467235,1
387.20306862706207,133.25821948708227,102.60263790638729,4,15,4.636123847871282,2.1877699313312644,1
394.7743287438427,87.28802767671462,91.17229288836799,1,20,6.708637255225659,1.8460182019261047,1
268.6283983708039,162.3279713923881,58.4498997658492,8,16,8.269322376762684,1.109159894174498,0
274.78879097424857,117.04235603147215,83.78623192645216,4,22,7.758330685290621,0.5712595907802787,0
283.0929234683696,120.56548868834543,50.83732449079871,10,17,7.518922465187273,2.371310258819089,0
219.33296933794338,141.24643269769672,17.403210329332026,6,29,5.925538549370129,1.6722406976109938,0
244.8808832109481,126.99648393790505,36.88835029676114,3,24,5.096685769217307,1.0962859422962805,0
239.75155399487593,148.59409901739735,99.07221921270494,6,28,8.250152942825913,0.7982702156950756,0
253.9321460937523,128.61372495605474,53.1501729542674,4,13,6.461248220871791,2.1590463310015093,0
297.91890675679315,101.62687876078687,53.91540051562455,3,24,6.900305870843339,2.1730403888951577,1
314.0528839521912,130.84510575618305,52.504045093127985,2,15,6.762886517533169,2.1290159362610632,1
393.0300295688446,85.68821378038015,107.60341473932517,3,21,7.80687156385705,1.7901653839335725,1
240.09875755567253,123.2567911732957,100.64897288405157,5,25,9.211979255351151,1.2320307751837518,1
359.059343908595,119.00310028066617,115.46950583620335,3,34,8.754848981708115,1.108140569560514,1
287.1606693464695,113.7564942818238,56.023869739998716,4,26,4.201313781764412,0.5171095402363404,0
297.032177420854,116.14387465683208,67.39061221867738,3,24,6.629753234453153,2.1672151173764806,1
340.4891695299962,63.544528635070826,22.083936264480222,6,14,5.383907777777753,0.6748653949872849,0
232.6366787062621,103.53825276777116,96.92336065295686,5,18,8.126114629096222,1.7615099960815352,1
322.944584771043,122.78534703423344,30.805511218301625,5,14,7.0047801779489,1.5081498936801767,0
309.98713249278336,124.79569175992201,65.41938909406572,4,19,7.727382245842433,1.5533787178527023,0
329.54707584048896,89.16974577222126,32.5674368091789,4,22,6.527050635330649,2.3534256906155466,1
317.3501186344691,157.97123522594103,45.278329331532596,6,19,5.752754072882825,0.5632300225424842,0
447.31800839465365,94.01475455356497,39.068439223757494,4,26,5.9580631218400475,2.0467844492575447,1
261.73560094492103,149.0837160158021,44.803118483104555,6,16,5.160384799290723,0.6041047967346143,0
268.14018269989094,132.81583085615054,46.52193242127554,4,13,5.483639116598116,0.5763072118707544,1
262.6115684145141,100.6131807046859,46.29328012687307,5,17,5.230848333389763,1.3596353962827639,1
266.6713728503847,173.25932677828536,80.83334779450767,5,19,5.757156786624266,0.6261503486859334,1
261.7567723616089,84.19089504730559,32.378430173436996,4,11,5.68926620316258,2.0782879025858243,0
371.3409918664531,147.57462520830003,65.51353567534667,5,20,7.472911726033863,1.5591261872966744,0
385.2302548793913,150.01746954128936,90.44897880763895,3,17,7.4258339735859975,0.5580775653195489,0
265.7552223750314,99.88139372770065,47.1700908871651,4,27,7.471605048229823,0.581001372963839,0
250.05866561374629,161.77395900192985,42.052027731309956,6,14,8.409994434701897,1.7253370594789588,0
328.28493338318424,112.49860456203142,54.236884370493726,6,19,6.9059945303486625,2.11222363531681,0
266.86661734314174,128.6608088783957,89.49313020901775,1,20,6.0630224835005055,1.3755990625495471,1
337.97590906533065,127.80965516313663,64.85269077383394,3,21,9.653684291116242,1.6091613430712488,0
312.17538125107797,115.97073775588356,46.719642634810036,4,16,8.086775083964556,2.099658908099803,0
209.0553531001661,144.32424819479346,72.09691627970099,6,26,7.182783751845469,1.7210123480836383,0
392.8503120798037,143.8046616165664,32.44269625408941,4,16,7.099449344790798,0.949520475317639,0
407.7526603857313,67.54404080285457,77.0339877610737,3,21,7.34758422508036,1.7261040517389572,0
263.23267857093686,159.13020728634459,70.21518269254419,14,15,6.757478463574939,1.756558918130427,1
276.73790640384095,70.12524035892977,52.3047882215279,5,15,7.153869449804587,1.9682139617622534,0
317.1519234434943,150.97638613024972,39.035355038819226,4,19,7.599255592738955,1.7417483751136025,1
320.0674073992215,153.8011541048275,37.83297694291357,5,20,6.128156543241347,2.438484260916076,0
339.5126563603698,87.27100709354406,73.37043340864776,5,14,5.039060977795559,0.894576617434137,1
420.612272325981,107.67557136136246,90.72451256222655,7,25,4.509228678532461,2.4021813591341523,1
289.38316635035704,86.82885994542193,44.06730632428013,7,17,8.065478582720457,1.5766789807000325,0
252.10216532769277,113.55236909133794,71.45966758878711,7,14,5.100491004739057,1.843912280989824,1
217.24084631912837,110.75897147442777,7.824324534948282,2,25,7.5584127927494515,0.6989231949043797,0
256.1441976034848,143.3898159680802,45.38455673357001,5,30,5.614772925942239,1.261151882756214,0
298.01238162757215,159.30926238358825,59.22352667822745,3,25,5.6341048647280845,2.038758292926345,0
407.67347181106726,161.87051432369867,37.25791457545416,7,15,6.138161487393086,1.9138220301979807,1
268.94332205782973,103.13495920265093,36.5873406302601,2,19,7.232958582406773,0.5802787763308204,0
313.4272770983339,113.72334378766416,43.30551108827785,6,13,5.453689949946889,1.5931885269944892,1
299.01462623563486,69.4968542333715,67.30481820815933,4,24,6.259681035647057,0.6765563859368189,1
371.30359640688505,95.82389800511433,55.31677453984063,8,17,6.969137113383332,2.4917128583563244,1
451.6159455524173,148.94554899292373,4.044219166875699,5,22,5.547685850983673,2.2945931770665893,1
268.14787362478074,168.46748470644695,6.982496184123349,1,26,8.71388105736963,0.5421613208570739,0
270.63363344890666,82.96953384360233,44.828370553570615,2,27,4.932954708887438,2.217299157805262,1
362.6496526241443,102.22607222541318,71.4421646513388,3,17,6.738196981059004,2.338859201116815,1
340.9134893775787,119.20782729123219,0.0,6,13,8.527048759102602,1.2070964451269102,0
410.802439544162,128.4048347645882,47.506745596209235,8,21,5.410640123331266,1.9390033100955317,1
335.03569111955784,95.71189440235062,46.84380358706447,4,15,6.868448979414741,1.3842074924155578,0
278.44247455277645,132.7218313339227,94.7084444552112,3,30,7.159430419200698,1.8104649691526882,1
335.43928984153854,105.78481958787252,50.37445470717841,6,17,6.031875457596977,1.180634808596383,0
366.5222148349745,119.56643187365162,69.5747246185232,6,12,6.907020670801737,1.1451184732665367,0
349.22893087184184,136.38852744011098,63.53142850218658,8,24,7.673733353031942,1.348867777715158,1
330.43644186643786,120.19266809432814,6.735838004819982,6,28,6.439431162018531,0.7911355173050023,0
364.00048137534924,106.90842328420294,79.20518041579344,6,26,7.917195536956463,2.162277928870765,1
370.1577354267404,116.71170588222508,65.3849126364072,5,18,7.4712771284583885,1.1973957907232733,1
382.9295394622516,117.34911122383994,72.70671599186474,4,25,6.30051975861588,1.3002991078116903,0
338.92259325537856,108.89966910353617,158.15594266090818,5,22,8.35294524054706,2.2881092254042894,1
289.97291518098876,112.23611811998693,7.897176512535289,5,25,6.110875463580253,1.4932476281263427,0
308.8028211859994,167.9594151151415,103.11741624402771,6,12,8.027071966486256,1.5885078187017259,0
372.3905379905014,136.82758343823716,52.813812014991115,11,21,6.132381162056719,2.412996249554197,0
250.98385974076584,111.13559045912518,67.18322261007523,8,21,6.620711969389917,2.2734527662899784,0
322.12039853237405,140.90863213532208,58.862193867468946,7,17,6.804826852267428,0.838933417776879,0
276.39967126035833,109.9854153073197,49.39409166504891,7,18,7.406299709063634,1.44643005983621,0
301.72468937608903,155.19373912759923,45.75417679403103,4,21,4.103862195659829,2.442592454857091,1
376.70711175643794,131.08926576594283,68.23771838932522,8,21,7.549618661787827,1.2447325964572054,0
311.4659440811942,116.78093567987314,22.070657583208025,6,25,6.877024932229109,1.2431462170324001,0
302.7861928893689,133.43150777430833,78.76447918804413,2,16,7.34288819353191,0.8900604635783087,1
218.40863154120484,72.87371543794502,49.595139877868654,4,18,7.602985988346523,0.7286462282382504,0
344.77521396163326,86.19697593270584,31.748266523991056,0,19,7.472570605589517,1.9806095815119635,1
338.7290508684645,84.18224980802833,48.74967855010466,6,13,4.591166977289137,2.040060937403033,1
429.7952833983276,124.2882928429112,91.42873042156432,0,15,5.726787281454373,2.4380259270059996,1
281.53330590281996,171.97544998455277,46.61662282459442,7,18,7.399379121191276,2.046836421810726,0
313.1490196598363,186.93900438577896,68.9613404552405,9,20,7.239635435950477,0.9867049880671974,1
314.9630210226453,139.14153304322272,41.72609310711317,7,19,6.052535577380414,0.5802331565770309,0
394.64719678580843,135.0253342483337,78.94804624809049,2,24,7.885167040071857,2.4708747687393204,1
294.28226805678287,65.96826797541783,77.1376934697551,4,19,6.692289797045704,1.1809013910872115,1
316.74129154622034,103.71978600797935,106.2152208324103,8,17,8.062871624658225,1.1239430848648415,0
336.47379058299236,96.36648744275283,55.61090136251961,5,19,8.452025573734893,2.3119104194987647,0
311.19654738938146,101.37457205246652,76.71637011894767,5,31,7.333962461875813,1.6701997970899722,0
273.2139831269683,114.95568544245631,62.451688488473614,6,26,7.666662978199067,0.9297423476982691,0
311.64539957389843,105.83728266908618,92.39679454657536,2,21,6.269847902281287,2.278192485432479,1
364.41790499158634,60.62100568872637,42.02919030978174,4,24,8.070651847371982,2.486721710109487,0
238.40908203533638,142.437307683526,78.62513282193203,7,22,7.261749243617204,0.6733571223016614,0
307.97818044881257,87.8177092278058,55.13256759708296,3,16,6.646346753386982,2.2245032566049745,1
257.9927511036496,127.17740592333449,58.39529557228756,6,17,5.537418000138813,1.281031395368788,1
371.70279773549055,182.2224800924992,62.29381211120932,2,21,6.41747035707508,1.5481448930134087,1
208.6087857129735,92.4184622524073,66.30600991066693,8,21,5.668629346192308,2.3296319515299615,1
266.4646891637047,44.091374317610104,57.09427392195104,10,16,7.913787686727233,2.4467583915502344,1
322.63271250387123,111.41987334359668,65.36782957926316,5,25,8.464515891506638,1.0243278208175988,0
393.9314417540604,153.02878904995714,99.45295143905462,4,15,8.099523038715844,0.9257015419198276,1
296.05498433562076,178.75042362661782,84.63624214038046,4,26,9.983224295533207,0.6610331171830237,0
266.6880283984081,83.1135121664275,81.72886481242242,8,22,6.447511694203632,1.623595705324276,1
412.8694241664354,134.90097669709564,48.61151184940323,9,24,7.71588681386026,0.5272087909013365,0
213.11916597502534,106.0406862965984,37.768979294291896,7,25,5.582374042500586,1.3237965952198731,0
168.0716426027951,116.82154937087593,83.88251395594382,7,17,6.76329923157724,0.6467680333040171,0
326.40086700319995,199.33030041051103,81.90116981324485,3,15,5.227180949374148,1.310451565858668,1
269.87674653884335,74.9108901481454,96.81676689377454,8,23,7.681833180765748,0.5798643785312185,1
238.72603097215722,127.6121898448372,44.90048435076926,7,12,6.573410004502959,2.1704345212175378,0
342.5013868379612,134.03079515296298,54.261283615991324,2,24,4.534501570165699,0.9194779878771318,1
314.62804282627195,152.5735897481804,19.012895936864147,5,24,6.177977868477923,1.156617420715824,0
266.1552821557963,122.93949460412686,50.18822234847818,7,19,9.151737193128996,2.2400959932127837,0
223.18173607974632,129.24151618512306,84.91426276448618,6,28,7.492515864701083,1.9925321226644102,1
352.3474396968087,108.25054297734627,48.33761551929505,1,19,7.9229111955469,0.938076723284117,0
339.01207067751966,128.0738082373532,76.0119948800206,3,17,7.150654335159716,0.6437988373149921,1
294.049448173237,109.70423173507768,55.237422350054715,4,14,6.782129294085721,1.931347553710679,1
410.79821976285996,138.64715669568153,68.10142570553901,4,18,7.018694816571462,1.2814051013762187,0
235.79491402043084,108.91168991869098,31.30771525460832,3,21,7.294519269068542,2.0321599982364424,0
208.46848974451567,131.3130118170656,62.13023624084752,7,25,5.6840170652787805,1.3905895447504208,0
258.48551580712535,119.12211558945064,0.0,9,31,7.915674418886265,1.1920048259445528,0
297.26483901867016,153.78150752316503,55.32759604595038,4,15,8.346192990384978,1.402410816424793,0
314.6003669593615,118.45818829234541,19.238168907121498,3,22,6.764092723666803,1.9971179713413534,0
285.52583652862023,66.80902595379357,90.1498629136704,4,16,6.372351484460097,2.3044405730807482,1
321.1233237908578,157.85764502141976,79.43518381911278,4,20,6.109709200426235,0.5995343931771511,1
224.90763454857336,92.82803097412143,71.66677454915202,6,22,9.111059924274915,1.5482230824539103,0
386.62587624439556,100.3870098405354,98.0251556789845,3,17,6.457274992967732,0.5656708581677552,1
295.07092929644585,102.13016117869523,36.277086979379064,10,12,7.783977177057449,1.4368190900487174,0
367.0377498952877,161.23314279512454,103.68407994788896,5,15,6.772511565420813,2.2705656581938007,1
320.56352078266224,55.929773580639136,83.30478910650962,5,22,6.707643933138484,1.2231805328406193,0
327.40519314922705,214.1324560097998,54.08611781952635,3,16,6.082300359753132,2.3649008421612865,1
334.1860368139322,151.68170427198154,88.3905036795736,2,21,5.835640604687181,1.7612169433012188,1
326.8625136010389,126.69716742387479,32.342662189709145,7,24,7.88790491229586,2.3683106875860127,0
338.5633655920526,118.3531799815114,39.38714596180816,5,18,5.8084930239639165,2.0143332508250396,0
379.74915180794585,128.56662224572972,44.785256919007495,4,26,7.555023087510494,0.7068703332975246,0
311.7912701820882,135.63367285138014,46.77555729839962,6,22,7.108700708177796,0.9623027351253541,0
342.54022545531075,139.3564675785017,33.58605893099368,5,21,7.903166241375084,1.2883409091670124,0
294.6158583427664,136.66813398010345,90.57707667738313,4,13,6.268055307291333,0.840213764024152,1
386.4070329269684,122.68742043765747,53.52863999075421,7,26,8.296172999824114,1.489823209553321,0
259.4164618764438,114.07984739078022,68.81262420892199,4,19,6.830571301491596,1.4427363114029812,0
408.05642597464896,115.46180149039465,45.74121583965798,2,23,10.0,2.4125183960547627,0
297.5905229613394,114.15275158941957,14.484917486287074,3,21,5.062988398042192,1.3674557657919555,0
214.15349387291712,154.01310290601194,66.75143395978556,8,19,9.914721685692285,2.0712536085759954,0
307.68626489464737,137.80670166842586,12.193625614505578,5,21,6.848360802332634,2.38382108970296,0
259.13690055150715,31.788340960071594,58.284148847863285,6,19,7.267362522062633,2.253977661947971,0
350.43861293932343,139.67702329589284,25.79212402917974,2,15,6.274852682069021,0.9173352490231836,0
260.8425612418565,125.84208584156325,109.6818999807702,3,22,5.117342448371934,1.4920597885070885,1
273.2289940071132,119.43873730662308,82.78406805436805,3,24,6.365923873575548,1.1954795645918515,1
186.62755614326812,108.34444640733342,62.64384478178701,7,24,6.561175618153054,1.299717390274431,0
272.8616208450554,153.72338159958042,91.59266694136672,5,21,7.219362055276889,1.2216136524915024,0
154.5672404022626,148.42579386368573,38.8421005633566,2,16,8.345366014012422,2.1527184203500083,0
204.9658305908566,96.81366996529172,73.58698446675233,2,19,7.228876871928538,1.404278110244895,1
345.62487936865784,132.21156861373606,64.99526084296784,7,22,7.249770115939168,1.5473886644893764,1
347.14800951904994,90.85029796376142,66.60050203334175,8,18,7.461241259820167,2.4648947140941493,1
325.5274537070979,78.61145505633209,91.80883750266919,4,12,4.8940837682605025,0.6199585443830329,1
241.98143141224722,101.19848326230104,78.31230256949506,4,20,5.004970597436689,1.4759152795814976,1
297.1373186314812,145.87180417148275,67.21809157062557,4,20,5.203613213362841,2.048123413892232,1
299.7838476545659,148.5937513612826,18.627814094292596,3,12,6.552071370405574,0.8023239163764531,0
230.49811864844742,135.3925626029188,35.998842618013406,4,17,4.753941856331152,1.7230631892295478,0
390.20389810602904,141.7528736054399,56.93227666010689,6,36,6.172254946325074,0.9789295590689335,0
352.6417374345403,135.48534861344876,62.33430935691628,5,16,5.358100906022781,2.234808226449135,1
286.74214957022014,100.75555214331143,31.744906883151906,5,27,7.585258511438418,1.1541993308001586,0
301.61315033967185,132.95767634021823,120.29191688946054,3,28,7.5251867546899005,1.158125633801819,1
312.50296847685314,144.01228575683047,97.90985138133932,6,14,6.639227152316842,1.696387757035787,1
177.49590789454257,142.62873989440723,75.05295800981209,4,13,4.720046898199669,0.8671258162398174,0
285.1693570487642,155.66740114423928,61.80092153209362,2,20,6.715427308676589,1.069777277806122,0
259.08094512013207,141.2491154160319,54.69477575247121,5,21,7.394351338451323,1.333263700238823,0
239.90279940630506,130.54344622624748,36.202038499444114,7,21,7.9728720006868175,1.2072757262802207,0
283.1339824268427,152.10450714949283,61.937012962971565,8,19,9.104085552775565,1.5497544360111648,0
407.86119161097133,119.2043622225282,66.44381350356876,0,13,8.342197816506019,1.6992802881379325,1
338.45057167602056,93.54376046316847,28.95598561295939,5,18,7.197731834881515,1.6333349075003292,0
265.7292606130322,115.10799108168709,68.35441043112243,4,18,6.6577103916311495,1.8083366239838645,1
334.35496688136953,97.65292065580653,56.11852377938128,6,23,6.1084790844504635,1.1154990332156405,1
